0.41,0.4,0,232.86,50.0525,356.5,228.7,0,"2016-07-23 11:29:21"
0.41,0.41,0,232.75,50.0225,357.6,229.3,0,"2016-07-23 11:29:25"
0.41,0.42,0,232.83,50.0726,356.9,227.7,0,"2016-07-23 11:29:29"
0.41,0.4,0,233.1,50.1077,355.6,226.6,0,"2016-07-23 11:29:33"
0.42,0,0,233.05,50.0125,357.2,0,0,"2016-07-23 11:29:37"
0.43,0.4,0,233.07,49.9949,356.3,0,0,"2016-07-23 11:29:41"
0.42,0.4,0,232.83,50.0175,357.4,226.5,0,"2016-07-23 11:29:45"
0.4,0.41,0,232.96,50.1027,357.5,0,0,"2016-07-23 11:29:49"
0.42,0.4,0,232.65,49.9949,356.5,0,0,"2016-07-23 11:29:53"
0.42,0.41,0,232.81,49.97,356.4,230.2,0,"2016-07-23 11:29:57"
0.42,0.41,0,233.04,49.975,358.8,0,0,"2016-07-23 11:30:01"
0.42,0.4,0,233.06,50.025,357.4,230.9,0,"2016-07-23 11:30:05"
0.42,0,0,232.98,49.9251,350.2,0,0,"2016-07-23 11:30:09"
0.42,0.4,0,233.04,49.9875,355.6,228.7,0,"2016-07-23 11:30:13"
0.42,0.39,0,232.98,49.965,357.5,228.5,0,"2016-07-23 11:30:17"
0.42,0.4,0,232.88,50.1403,355.1,228.9,0,"2016-07-23 11:30:21"
0.42,0.4,0,232.67,50.0751,357.5,228.2,0,"2016-07-23 11:30:25"
0.42,0.39,0,232.51,50.0375,355.6,0,0,"2016-07-23 11:30:29"
0.41,0.4,0,232.37,50.1152,356.3,228.6,0,"2016-07-23 11:30:32"
0.42,0.4,0,232.6,49.9775,356.5,0,0,"2016-07-23 11:30:37"
0.41,0,0,232.81,50.0525,357.9,0,0,"2016-07-23 11:30:41"
0,0,0,0,0,0,0,0,"2016-07-23 11:32:56"
0,0,0,0,0,354.5,227,0,"2016-07-23 11:32:57"
0.42,0,0,231.61,50.05,356.9,0,0,"2016-07-23 11:33:01"
0.42,0.41,0,232.69,50.0525,356.8,0,0,"2016-07-23 11:33:05"
0.42,0.41,0,232.76,50.1002,356.6,228.2,0,"2016-07-23 11:33:09"
0.43,0.41,0,232.52,50.0751,357.5,228,0,"2016-07-23 11:33:12"
0.43,0.42,0,232.46,50.0475,357.6,0,0,"2016-07-23 11:33:17"
0.41,0.41,0,232.52,49.9875,350.7,229.1,0,"2016-07-23 11:33:21"
0.42,0.42,0,232.59,50.1228,355.5,226.3,0,"2016-07-23 11:33:24"
0.42,0.4,0,232.64,50.02,356.2,0,0,"2016-07-23 11:33:28"
0.41,0,0,232.67,49.99,355.7,0,0,"2016-07-23 11:33:33"
0.41,0,0,232.25,50.055,355.4,0,0,"2016-07-23 11:33:37"
0.42,0,0,232.31,50.0475,357.1,0,0,"2016-07-23 11:33:41"
0.42,0,0,232.05,50.1554,357.1,0,0,"2016-07-23 11:33:45"
0.42,0.35,0,231.96,50.0525,355.9,0,0,"2016-07-23 11:33:49"
0.42,0.34,0,231.74,50.0175,356.9,0,0,"2016-07-23 11:33:53"
0.42,0.32,0,232.24,50.0926,355.6,229.2,0,"2016-07-23 11:33:57"
0.42,0.34,0,232.03,50.0125,357.1,0,0,"2016-07-23 11:34:01"
0.42,0.33,0,232.24,50.0801,356.6,0,0,"2016-07-23 11:34:04"
0.41,0.33,0,232.53,50.0575,355,227.5,0,"2016-07-23 11:34:09"
0.41,0,0,232.35,49.9375,356.6,0,0,"2016-07-23 11:34:13"
0.42,0.34,0,232.46,50.1127,354.9,0,0,"2016-07-23 11:34:17"
0.41,0.33,0,232.27,50.0425,15.53,227.8,0,"2016-07-23 11:34:21"
0.42,0.34,0,232.24,49.99,356.6,0,0,"2016-07-23 11:34:25"
0.41,0.33,0,232.32,50.2159,354.9,0,0,"2016-07-23 11:34:29"
0.41,0.34,0,231.98,49.955,358,0,0,"2016-07-23 11:34:32"
0.41,0.33,0,232.24,50.0525,358,226.9,0,"2016-07-23 11:34:37"
0.41,0.33,0,232.03,50.0751,356.5,230.6,0,"2016-07-23 11:34:41"
0.41,0,0,232.23,50.02,356.9,0,0,"2016-07-23 11:34:45"
0.41,0.34,0,232.11,50.1077,357.7,226.8,0,"2016-07-23 11:34:48"
0,0.33,0,231.92,50.0125,0,0,0,"2016-07-23 11:34:53"
0.41,0.34,0,231.96,50.1378,355,228.7,0,"2016-07-23 11:34:57"
0.41,0.33,0,231.95,50.0926,357.1,226.6,0,"2016-07-23 11:35:01"
0.41,0.32,0,232.11,50.0826,355.7,0,0,"2016-07-23 11:35:05"
0.42,0.33,0,232.19,50.0951,356.2,0,0,"2016-07-23 11:35:09"
0.41,0.33,0,232.18,50.1253,357.7,0,0,"2016-07-23 11:35:13"
0.41,0.33,0,232.19,50.0425,358.5,227.7,0,"2016-07-23 11:35:17"
0.41,0.33,0,232.31,50.0901,354.4,229.7,0,"2016-07-23 11:35:21"
0.41,0.33,0,232.27,50.0024,356.1,217.1,0,"2016-07-23 11:35:24"
0.42,0.32,0,232.14,50.045,355.7,228.5,0,"2016-07-23 11:35:28"
0.41,0.32,0,232.01,50.015,355.6,0,0,"2016-07-23 11:35:33"
0.4,0.34,0,232.02,49.9101,356,0,0,"2016-07-23 11:35:37"
0.41,0.32,0,231.92,50.035,357.3,235.3,0,"2016-07-23 11:35:41"
0.41,0.34,0,232.06,49.945,355.6,0,0,"2016-07-23 11:35:45"
0.41,0.33,0,231.9,50.055,355.5,229.7,0,"2016-07-23 11:35:49"
0.41,0.33,0,231.71,50.0851,357.5,0,0,"2016-07-23 11:35:53"
0.41,0.34,0,232.35,50.0125,356.7,0,0,"2016-07-23 11:35:57"
0.41,0.34,0,232.1,50,356.8,231,0,"2016-07-23 11:36:00"
0.41,0.33,0,231.98,49.9375,356.2,0,0,"2016-07-23 11:36:05"
0.43,0.34,0,231.99,49.945,358.6,0,0,"2016-07-23 11:36:09"
0,0.34,0,231.76,49.9076,0,225.9,0,"2016-07-23 11:36:13"
0.42,0.34,0,231.66,49.9825,356.5,0,0,"2016-07-23 11:36:20"
0.43,0.34,0,231.69,49.985,355.4,227.7,0,"2016-07-23 11:36:24"
0.41,0.33,0,231.96,49.9101,358.5,227.5,0,"2016-07-23 11:36:28"
0.42,0.33,0,231.99,49.97,357,0,0,"2016-07-23 11:36:35"
0.42,0,0,231.57,49.935,357.7,0,0,"2016-07-23 11:36:39"
0.42,0.34,0,230.46,49.8032,358.1,0,0,"2016-07-23 11:36:43"
0.42,0.34,0,231.7,49.9525,357.1,227.4,0,"2016-07-23 11:36:47"
0.43,0.33,0,231.82,49.955,357.9,0,0,"2016-07-23 11:36:51"
0.46,0.34,0,231.83,49.9625,353.7,243.8,0,"2016-07-23 11:36:55"
0,0.33,0,231.84,49.8728,0,0,0,"2016-07-23 11:37:00"
0.41,0.34,0,231.48,49.98,358.1,0,0,"2016-07-23 11:37:04"
0.41,0.36,0,231.62,49.9051,356.1,231,0,"2016-07-23 11:37:08"
0.44,0.35,0,231.78,49.94,349.7,0,0,"2016-07-23 11:37:12"
0.41,0.33,0,232.05,49.9126,355.2,0,0,"2016-07-23 11:37:16"
0.41,0.34,0,232.06,50.0375,357.7,227.1,0,"2016-07-23 11:37:20"
0.43,0.34,0,232.17,49.9725,354.7,229.2,0,"2016-07-23 11:37:24"
0.42,0.33,0,231.75,49.9325,357.8,232.8,0,"2016-07-23 11:37:28"
0.42,0.34,0,232.21,49.96,357.3,0,0,"2016-07-23 11:37:32"
0.41,0.34,0,232.21,49.8305,356.7,231.9,0,"2016-07-23 11:37:36"
0.42,0.34,0,232.3,49.8305,358.6,0,0,"2016-07-23 11:37:40"
0.41,0,0,232.55,49.9975,356.9,0,0,"2016-07-23 11:37:44"
0.42,0.32,0,232.37,49.99,356.7,227.8,0,"2016-07-23 11:37:48"
0.42,0.32,0,232.23,50.1253,355.2,227.8,0,"2016-07-23 11:37:52"
0.41,0.34,0,232.07,50,356.9,0,0,"2016-07-23 11:37:56"
0.42,0.32,0,231.96,50.0175,357.8,226.7,0,"2016-07-23 11:38:00"
0.41,0.33,0,231.89,50,357.6,228.4,0,"2016-07-23 11:38:04"
0.47,0.35,0,231.73,50.0225,356.9,231.2,0,"2016-07-23 11:38:09"
0.42,0.34,0,231.8,49.9675,357.9,228.1,0,"2016-07-23 11:38:13"
0.42,0,0,231.97,49.9975,357.4,0,0,"2016-07-23 11:38:17"
0.42,0.33,0,232.19,49.9325,356.6,231.5,0,"2016-07-23 11:38:22"
0.42,0.41,0,231.8,49.9775,354.1,0,0,"2016-07-23 11:38:25"
0.41,0.34,0,231.97,49.9825,356.2,223.9,0,"2016-07-23 11:38:29"
0.42,0.33,0,232.19,49.9475,350.8,229.5,0,"2016-07-23 11:38:33"
0.42,0.33,0,232.5,49.9625,358.1,232.7,0,"2016-07-23 11:38:37"
0.43,0.34,0,232.51,49.9775,357,0,0,"2016-07-23 11:38:41"
0.41,0,0,232.34,49.9425,356.1,0,0,"2016-07-23 11:38:45"
0.41,0.34,0,232.3,50.0024,357,0,0,"2016-07-23 11:38:49"
0.42,0.33,0,232.33,49.8778,357.1,228,0,"2016-07-23 11:38:53"
0.41,0,0,232.47,49.97,357.1,0,0,"2016-07-23 11:38:57"
0,0.32,0,232.1,50.1177,0,226.4,0,"2016-07-23 11:39:01"
0.42,0,0,232.35,49.9176,356,0,0,"2016-07-23 11:39:05"
0.41,0.34,0,232.78,50.0125,356,0,0,"2016-07-23 11:39:09"
0.41,0.35,0,232.39,49.99,356.2,226.7,0,"2016-07-23 11:39:13"
0.42,0,0,232.21,49.9575,356.8,0,0,"2016-07-23 11:39:17"
0.41,0.33,0,232.33,49.9625,355.7,0,0,"2016-07-23 11:39:21"
0.41,0.34,0,232.28,49.7289,354.8,228.8,0,"2016-07-23 11:39:25"
0.43,0.34,0,232.62,50.01,354.4,228.3,0,"2016-07-23 11:39:29"
0.41,0.34,0,231.11,50.2209,356.6,0,0,"2016-07-23 11:39:33"
0.41,0,0,232.36,49.9875,357.5,0,0,"2016-07-23 11:39:37"
0.41,0.34,0,229.23,49.9475,355.3,0,0,"2016-07-23 11:39:41"
0.42,0.33,0,232.52,50.0475,357.5,0,0,"2016-07-23 11:39:45"
0.41,0.33,0,232.46,49.9051,356.6,0,0,"2016-07-23 11:39:49"
0.41,0.33,0,232.44,50.0876,356.8,228.7,0,"2016-07-23 11:39:53"
0.41,0,0,232.8,50.163,359.3,0,0,"2016-07-23 11:39:57"
0.42,0.34,0,232.6,50.0776,357.5,230.9,0,"2016-07-23 11:40:01"
0.43,0,0,232.83,49.9975,358.9,0,0,"2016-07-23 11:40:05"
0.41,0.33,0,232.76,49.9725,357.2,232.9,0,"2016-07-23 11:40:09"
0.42,0,0,232.82,50.0525,356.1,0,0,"2016-07-23 11:40:13"
0,0.34,0,232.72,50.0225,0,0,0,"2016-07-23 11:40:17"
0,0.33,0,232.94,49.985,0,229.6,0,"2016-07-23 11:40:21"
0.41,0.33,0,233.03,50.2512,358.6,227.2,0,"2016-07-23 11:40:25"
0.41,0.34,0,233.21,50.0801,346.1,231.5,0,"2016-07-23 11:40:29"
0,0.36,0,233.65,49.9975,0,225.6,0,"2016-07-23 11:40:32"
0,0.35,0,233.47,49.985,0,228.5,0,"2016-07-23 11:40:37"
0,0,0,233.64,50.025,0,0,0,"2016-07-23 11:40:41"
0.42,0.33,0,233.07,50.07,357.7,226.8,0,"2016-07-23 11:40:45"
0.41,0.33,0,233.11,50.0075,356.9,0,0,"2016-07-23 11:40:49"
0.41,0.33,0,232.98,49.9975,355.6,227.2,0,"2016-07-23 11:40:53"
0.41,0.34,0,232.96,49.955,356,0,0,"2016-07-23 11:40:57"
0.42,0.34,0,232.81,49.8977,355.3,229.9,0,"2016-07-23 11:41:01"
0.42,0.32,0,232.58,49.9525,357,0,0,"2016-07-23 11:41:05"
0.41,0.34,0,232.68,50.1982,359.5,0,0,"2016-07-23 11:41:09"
0.42,0,0,232.79,49.935,357.5,0,0,"2016-07-23 11:41:13"
0.42,0.34,0,232.93,49.9002,357.1,0,0,"2016-07-23 11:41:17"
0.42,0,0,232.77,49.9151,356.7,0,0,"2016-07-23 11:41:20"
0.41,0.34,0,232.54,49.9975,358,228.8,0,"2016-07-23 11:41:25"
0.41,0.33,0,232.71,50.0926,356.2,231.5,0,"2016-07-23 11:41:29"
0.42,0,0,232.85,49.985,357,0,0,"2016-07-23 11:41:33"
0.42,0.33,0,232.79,50.0024,11.21,225.6,0,"2016-07-23 11:41:37"
0.42,0.35,0,232.76,50.01,355.8,232.7,0,"2016-07-23 11:41:43"
0.42,0.33,0,232.47,50.03,355.8,0,0,"2016-07-23 11:41:47"
0.42,0.33,0,232.45,50.0325,357.5,0,0,"2016-07-23 11:41:51"
0.44,0.47,0,232.81,50.1027,357.4,0,0,"2016-07-23 11:41:55"
0.5,0.69,0,233.92,49.9101,357,227.3,0,"2016-07-23 11:41:59"
0.42,0.35,0,232.7,50.0275,356,0,0,"2016-07-23 11:42:03"
0.42,0.33,0,232.75,49.97,349.8,229.8,0,"2016-07-23 11:42:07"
0.41,0.34,0,232.91,50.1102,354.3,0,0,"2016-07-23 11:42:11"
0.43,0,0,232.8,49.98,356.1,0,0,"2016-07-23 11:42:15"
0.41,0.33,0,232.68,49.93,358.5,0,0,"2016-07-23 11:42:19"
0.41,0.33,0,232.62,50.163,356.1,229.4,0,"2016-07-23 11:42:23"
0.41,0.33,0,232.61,50.015,355.4,0,0,"2016-07-23 11:42:27"
0.42,0.33,0,232.57,50.0425,356.5,231.8,0,"2016-07-23 11:42:31"
0.41,0.31,0,232.45,50.05,0.593,0,0,"2016-07-23 11:42:35"
0.42,0.33,0,232.71,50.0876,356.1,0,0,"2016-07-23 11:42:39"
0.41,0.32,0,232.44,50.3018,358.9,0,0,"2016-07-23 11:42:43"
0.41,0.33,0,232.6,50.1529,357,0,0,"2016-07-23 11:42:47"
0.42,0.34,0,232.73,50.0575,358,0,0,"2016-07-23 11:42:51"
0.42,0.34,0,232.57,50.06,357.8,0,0,"2016-07-23 11:42:55"
0.41,0.31,0,232.81,49.9825,358.5,230.5,0,"2016-07-23 11:42:59"
0.42,0.33,0,232.82,49.97,357.1,0,0,"2016-07-23 11:43:03"
0.41,0.32,0,232.39,50.005,355.5,238.1,0,"2016-07-23 11:43:09"
0.44,0.32,0,232.54,50.0024,355.1,230.9,0,"2016-07-23 11:43:13"
0.41,0.32,0,232.41,50.065,357.2,229.1,0,"2016-07-23 11:43:17"
0.42,0.32,0,232.52,49.9675,357.4,0,0,"2016-07-23 11:43:21"
0.42,0.33,0,232.44,50.0675,357.3,0,0,"2016-07-23 11:43:25"
0.42,0.32,0,232.39,50.0901,0,225.7,0,"2016-07-23 11:43:29"
0.42,0.32,0,232.7,49.9126,357.1,229.6,0,"2016-07-23 11:43:33"
0.41,0.33,0,232.44,50.015,346.3,228.8,0,"2016-07-23 11:43:37"
0.42,0.32,0,232.37,50.0575,358.1,229.4,0,"2016-07-23 11:43:41"
0.42,0.32,0,232.45,50.0851,355.8,231.9,0,"2016-07-23 11:43:48"
0.41,0,0,232.52,50.07,357.2,0,0,"2016-07-23 11:43:52"
0.41,0.32,0,232.67,49.9825,356.8,0,0,"2016-07-23 11:43:56"
0.41,0,0,232.58,49.9925,357.4,0,0,"2016-07-23 11:44:00"
0.42,0,0,232.66,49.96,355.9,0,0,"2016-07-23 11:44:04"
0.43,0,0,232.6,50.0024,356.7,0,0,"2016-07-23 11:44:08"
0.41,0,0,232.75,50.05,357.2,0,0,"2016-07-23 11:44:12"
0.41,0.32,0,232.54,49.9949,357.3,233.4,0,"2016-07-23 11:44:16"
0.41,0.32,0,232.41,50.0475,355.4,229.9,0,"2016-07-23 11:44:20"
0.42,0.33,0,232.41,50.0726,356.9,0,0,"2016-07-23 11:44:23"
0.42,0.32,0,232.6,50.1831,9.557,231.5,0,"2016-07-23 11:44:28"
0.41,0.33,0,232.34,50.0575,354.1,0,0,"2016-07-23 11:44:32"
0.42,0.33,0,232.26,50.03,355.3,226.8,0,"2016-07-23 11:44:36"
0.42,0.32,0,232.02,49.8977,356.3,228.3,0,"2016-07-23 11:44:39"
0.42,0.33,0,232.11,49.9475,358.2,230.7,0,"2016-07-23 11:44:44"
0.41,0.32,0,232.02,49.975,356.3,233.1,0,"2016-07-23 11:44:48"
0.42,0.32,0,232.21,49.9949,357,231.1,0,"2016-07-23 11:44:52"
0.41,0.33,0,232.55,50.0876,356.3,227.7,0,"2016-07-23 11:44:56"
0.42,0.33,0,232.4,49.7834,356.9,0,0,"2016-07-23 11:45:00"
0.42,0.32,0,232.29,50.1027,358,230.1,0,"2016-07-23 11:45:04"
0.42,0,0,232.37,50.0625,356.6,0,0,"2016-07-23 11:45:08"
0.41,0.33,0,232.32,50.1152,357.1,0,0,"2016-07-23 11:45:12"
0.41,0.32,0,232.33,50.035,358.1,231.6,0,"2016-07-23 11:45:16"
0.41,0,0,232.29,50.1479,356.3,0,0,"2016-07-23 11:45:20"
0.41,0.33,0,229.16,50.025,357.2,0,0,"2016-07-23 11:45:24"
0.42,0.33,0,232.22,50.02,357.3,230.6,0,"2016-07-23 11:45:28"
0.41,0.32,0,232.31,50.0776,357.2,228.2,0,"2016-07-23 11:45:31"
0.41,0.32,0,232.27,50.06,355,233.2,0,"2016-07-23 11:45:36"
0.41,0.33,0,232.33,49.8877,356.9,225.3,0,"2016-07-23 11:45:40"
0.41,0.32,0,232.37,49.955,358.3,228.1,0,"2016-07-23 11:45:44"
0.41,0.33,0,232.29,50.0225,357.6,230.9,0,"2016-07-23 11:45:48"
0.4,0.34,0,232.26,50.0776,356.8,229.5,0,"2016-07-23 11:45:52"
0.41,0.33,0,232.4,50.0325,357.7,228.5,0,"2016-07-23 11:45:56"
0.41,0,0,232.27,50.1027,356.6,0,0,"2016-07-23 11:45:59"
0.41,0.33,0,232.15,50.0075,356.3,0,0,"2016-07-23 11:46:04"
0.41,0,0,232.05,50.1002,356.5,0,0,"2016-07-23 11:46:08"
0.41,0.32,0,232.02,50.0225,356.6,0,0,"2016-07-23 11:46:12"
0.41,0.34,0,230.11,49.9076,357.7,230.1,0,"2016-07-23 11:46:15"
0,0.32,0,232.2,49.9675,0,0,0,"2016-07-23 11:46:20"
0.41,0.33,0,232.08,50.07,0.071,0,0,"2016-07-23 11:46:23"
0.41,0.33,0,232.18,49.97,357.4,228.2,0,"2016-07-23 11:46:28"
0.41,0.33,0,232.24,49.975,357.2,228,0,"2016-07-23 11:46:31"
0.41,0.32,0,232.33,49.9002,357.5,229.1,0,"2016-07-23 11:46:36"
0.41,0.32,0,232.19,49.9625,355.6,230.2,0,"2016-07-23 11:46:40"
0.41,0.33,0,232.16,49.95,356.8,228.4,0,"2016-07-23 11:46:44"
0.4,0.33,0,231.95,50.0475,356.9,0,0,"2016-07-23 11:46:48"
0.4,0.33,0,232.05,49.6845,358.1,229.2,0,"2016-07-23 11:46:52"
0.41,0.32,0,230.04,49.8703,359.7,0,0,"2016-07-23 11:46:56"
0.41,0.33,0,231.92,50.03,357.4,0,0,"2016-07-23 11:47:00"
0.41,0.33,0,231.93,50.0325,358.8,0,0,"2016-07-23 11:47:04"
0.41,0.33,0,232.09,50.01,357.9,227.2,0,"2016-07-23 11:47:08"
0.42,0,0,232.2,49.9625,1.944,0,0,"2016-07-23 11:47:12"
0.41,0.33,0,231.99,49.9151,358,231.9,0,"2016-07-23 11:47:16"
0.4,0,0,232.37,50.015,358,0,0,"2016-07-23 11:47:20"
0.41,0.32,0,232.79,49.9425,358,231.9,0,"2016-07-23 11:47:24"
0.41,0.33,0,231.58,49.945,359.5,0,0,"2016-07-23 11:47:28"
0.41,0.32,0,232.39,50.025,356.9,0,0,"2016-07-23 11:47:32"
0.41,0.34,0,232.5,50.065,353.9,231.3,0,"2016-07-23 11:47:36"
0.41,0.32,0,232.64,49.96,358.9,228.4,0,"2016-07-23 11:47:40"
0.41,0.32,0,232.56,49.965,357.7,229.4,0,"2016-07-23 11:47:44"
0.41,0.32,0,232.45,50.1152,0,230,0,"2016-07-23 11:47:48"
0.41,0.32,0,232.54,50.04,359.5,0,0,"2016-07-23 11:47:52"
0.41,0.33,0,232.31,49.935,357.8,227.9,0,"2016-07-23 11:47:56"
0.41,0,0,232.2,49.9051,356.6,0,0,"2016-07-23 11:48:00"
0.41,0.33,0,231.99,49.9251,357.5,226.5,0,"2016-07-23 11:48:04"
0.42,0,0,232.24,50.0275,357.4,0,0,"2016-07-23 11:48:08"
0.42,0.32,0,232.28,49.9949,355.8,0,0,"2016-07-23 11:48:12"
0.41,0.32,0,231.12,49.9026,358.3,227.5,0,"2016-07-23 11:48:16"
0,0.32,0,232.17,50.0275,0,227.8,0,"2016-07-23 11:48:20"
0.42,0.32,0,232.34,49.95,357.1,229.3,0,"2016-07-23 11:48:24"
0.41,0.33,0,232.42,49.9201,356.5,230.7,0,"2016-07-23 11:48:28"
0.41,0.33,0,232.48,50.0175,355.7,229.7,0,"2016-07-23 11:48:32"
0.41,0.33,0,232.24,50.0425,12.2,0,0,"2016-07-23 11:48:36"
0.42,0.32,0,232.23,50.045,356.2,0,0,"2016-07-23 11:48:40"
0.41,0.33,0,231.95,50.0625,357.6,231.4,0,"2016-07-23 11:48:44"
0.41,0.32,0,231.95,49.985,356.9,0,0,"2016-07-23 11:48:48"
0.41,0.33,0,231.92,50.06,356.6,228.9,0,"2016-07-23 11:48:52"
0.41,0.33,0,232.2,50.0225,357.9,231.4,0,"2016-07-23 11:48:56"
0.41,0.32,0,232,50.04,358.4,0,0,"2016-07-23 11:49:00"
0.42,0.33,0,230.45,49.6696,358.3,229.6,0,"2016-07-23 11:49:04"
0.4,0.33,0,232.4,49.9775,358.6,0,0,"2016-07-23 11:49:08"
0.41,0.33,0,232.5,49.8877,356.3,0,0,"2016-07-23 11:49:12"
0.42,0.32,0,232.27,50.0175,358.3,0,0,"2016-07-23 11:49:16"
0.42,0.32,0,232.24,49.9625,355.3,0,0,"2016-07-23 11:49:20"
0.42,0.32,0,232.35,50.065,356.2,230.2,0,"2016-07-23 11:49:24"
0.42,0,0,232.39,50.0125,356,0,0,"2016-07-23 11:49:28"
0.41,0.32,0,232.64,50.025,357.6,228.3,0,"2016-07-23 11:49:32"
0.42,0,0,232.54,49.7438,355.8,0,0,"2016-07-23 11:49:36"
0.42,0.32,0,232.62,50.0325,350.4,227.8,0,"2016-07-23 11:49:40"
0.41,0.33,0,232.66,50.0851,357.2,248,0,"2016-07-23 11:49:44"
0.41,0.33,0,232.68,50.0075,356.3,229.3,0,"2016-07-23 11:49:48"
0.41,0.33,0,232.58,49.7735,14.88,229,0,"2016-07-23 11:49:52"
0.42,0.33,0,232.76,49.9875,357.4,229.6,0,"2016-07-23 11:49:56"
0.41,0.33,0,232.59,49.9675,357,0,0,"2016-07-23 11:50:00"
0.42,0.33,0,232.72,50.015,356.6,226,0,"2016-07-23 11:50:04"
0.42,0.33,0,232.6,50.0225,357.7,229.4,0,"2016-07-23 11:50:08"
0.41,0.33,0,232.39,49.96,359.5,228.5,0,"2016-07-23 11:50:12"
0.42,0.33,0,232.55,49.9875,356.2,227.5,0,"2016-07-23 11:50:16"
0.42,0.32,0,232.28,49.97,355.4,227.4,0,"2016-07-23 11:50:20"
0.41,0.33,0,232.23,49.9675,355.6,0,0,"2016-07-23 11:50:24"
0.42,0.32,0,232.31,49.9875,356,228.6,0,"2016-07-23 11:50:28"
0.41,0.32,0,232.06,49.98,357.4,230.2,0,"2016-07-23 11:50:31"
0.41,0.31,0,231.87,49.9925,352.8,0,0,"2016-07-23 11:50:36"
0.41,0.33,0,231.67,49.98,358.2,231.9,0,"2016-07-23 11:50:40"
0.41,0.32,0,231.69,50.04,356.7,228.2,0,"2016-07-23 11:50:43"
0.42,0.32,0,232.27,50.0801,354.1,0,0,"2016-07-23 11:50:48"
0.41,0.34,0,231.84,50.0125,359.1,0,0,"2016-07-23 11:50:52"
0.41,0.32,0,231.57,49.9975,356.4,230.8,0,"2016-07-23 11:50:56"
0.41,0.34,0,231.61,49.9825,356.6,230.9,0,"2016-07-23 11:51:00"
0.41,0.33,0,232,49.96,356.7,218.1,0,"2016-07-23 11:51:04"
0.41,0.32,0,231.65,50.1932,356.6,231.5,0,"2016-07-23 11:51:08"
0.41,0.34,0,231.75,50.005,355.5,230.4,0,"2016-07-23 11:51:12"
0.41,0.33,0,231.58,50.0225,356.2,229.2,0,"2016-07-23 11:51:16"
0.42,0.33,0,232,50.0125,356.5,229.9,0,"2016-07-23 11:51:20"
0.41,0.32,0,231.95,50.0024,358.9,228.6,0,"2016-07-23 11:51:24"
0.41,0.32,0,231.96,49.9949,356.5,229.7,0,"2016-07-23 11:51:29"
0.4,0.31,0,231.91,49.975,357,228.1,0,"2016-07-23 11:51:32"
0.43,0.32,0,231.88,49.94,356.5,0,0,"2016-07-23 11:51:36"
0.41,0.33,0,231.88,49.99,356.6,0,0,"2016-07-23 11:51:40"
0.41,0.33,0,232.11,49.99,358.4,232.9,0,"2016-07-23 11:51:44"
0.42,0.32,0,232,49.9975,355.3,228.9,0,"2016-07-23 11:51:48"
0.41,0.33,0,232.06,49.935,358.9,228.9,0,"2016-07-23 11:51:52"
0.41,0.33,0,231.85,49.9775,357.7,227.8,0,"2016-07-23 11:51:56"
0.41,0,0,231.95,49.98,356.8,0,0,"2016-07-23 11:52:00"
0.41,0.33,0,232.02,49.9675,358,232.6,0,"2016-07-23 11:52:04"
0.41,0.32,0,232.06,50.163,359.8,229.5,0,"2016-07-23 11:52:08"
0.42,0,0,232.17,49.8952,356.4,0,0,"2016-07-23 11:52:12"
0.41,0.33,0,232.06,49.9875,356.4,0,0,"2016-07-23 11:52:16"
0.41,0.32,0,231.98,50.1002,356.6,0,0,"2016-07-23 11:52:20"
0.42,0.33,0,232.05,50.0726,358.8,0,0,"2016-07-23 11:52:24"
0.42,0.32,0,231.99,49.93,356,0,0,"2016-07-23 11:52:28"
0.41,0.32,0,231.99,50.0075,358.7,230.8,0,"2016-07-23 11:52:32"
0.41,0.32,0,232.05,49.99,356.5,229.5,0,"2016-07-23 11:52:36"
0.41,0.33,0,232.23,50.163,356.6,227.5,0,"2016-07-23 11:52:40"
0.41,0.33,0,232.47,50.04,356.1,0,0,"2016-07-23 11:52:44"
0,0.33,0,233.14,49.98,0,0,0,"2016-07-23 11:52:48"
0.41,0.32,0,232.4,50.1253,355.5,229.2,0,"2016-07-23 11:52:52"
0.42,0.32,0,232.27,49.965,356.2,229,0,"2016-07-23 11:52:56"
0.41,0.32,0,232.13,50.0675,356.8,227.9,0,"2016-07-23 11:53:00"
0.41,0.32,0,232.18,50.1831,357.3,0,0,"2016-07-23 11:53:04"
0,0,0,233.2,50.0024,0,0,0,"2016-07-23 11:53:07"
0.41,0.34,0,232.54,49.97,357.9,229.2,0,"2016-07-23 11:53:12"
0.42,0.33,0,232.58,50.045,358,0,0,"2016-07-23 11:53:16"
0.41,0.31,0,232.54,50.0325,357.8,229.9,0,"2016-07-23 11:53:20"
0.42,0.33,0,232.69,49.9875,356.2,229.3,0,"2016-07-23 11:53:24"
0,0.35,0,233.16,49.955,0,0,0,"2016-07-23 11:53:28"
0,0.33,0,233.01,50.0675,0,230.1,0,"2016-07-23 11:53:32"
0,0,0,233.18,50.02,0,0,0,"2016-07-23 11:53:36"
0,0.33,0,233.36,49.96,0,232.2,0,"2016-07-23 11:53:40"
0,0,0,227.52,50,0,0,0,"2016-07-23 11:53:44"
0,0.34,0,233.26,49.9201,0,227.1,0,"2016-07-23 11:53:48"
0,0.34,0,233.27,49.9975,0,0,0,"2016-07-23 11:53:52"
0,0.33,0,233.35,49.99,0,0,0,"2016-07-23 11:53:56"
0,0.33,0,233.22,49.98,0,0,0,"2016-07-23 11:54:00"
0,0.33,0,233.27,50.03,0,231.7,0,"2016-07-23 11:54:04"
0.42,0.32,0,232.19,50.03,358.2,0,0,"2016-07-23 11:54:08"
0.41,0.32,0,232.26,50.01,355.8,229.3,0,"2016-07-23 11:54:12"
0.41,0.33,0,232.07,50.0425,357.2,228.7,0,"2016-07-23 11:54:16"
0.42,0.33,0,232.28,50.05,358.1,228.9,0,"2016-07-23 11:54:20"
0.41,0.33,0,232.1,50.04,356.5,230.4,0,"2016-07-23 11:54:24"
0.41,0,0,231.9,50.0475,357.3,0,0,"2016-07-23 11:54:28"
0.42,0.32,0,232.32,49.965,356.3,230.7,0,"2016-07-23 11:54:32"
0.41,0.33,0,232.27,50.06,356.4,0,0,"2016-07-23 11:54:36"
0.41,0,0,232.25,50.0075,357.1,0,0,"2016-07-23 11:54:40"
0.42,0.33,0,232.11,49.9775,358.9,234,0,"2016-07-23 11:54:44"
0.42,0.32,0,232.24,50.0225,356.7,0,0,"2016-07-23 11:54:48"
0.41,0.35,0,232.08,50.0976,15.28,229.5,0,"2016-07-23 11:54:52"
0.41,0.32,0,232.19,49.8405,353.4,228.4,0,"2016-07-23 11:54:56"
0.41,0.33,0,232.29,49.985,357.1,0,0,"2016-07-23 11:55:00"
0.41,0.33,0,232.11,50.0425,355.7,231,0,"2016-07-23 11:55:04"
0.41,0.32,0,232.14,50.0325,357.2,227.6,0,"2016-07-23 11:55:08"
0.41,0.33,0,232.11,50.0801,354.8,230.1,0,"2016-07-23 11:55:12"
0.41,0.32,0,231.99,50.03,357.9,0,0,"2016-07-23 11:55:16"
0.41,0.33,0,231.98,50.0801,356.9,228.6,0,"2016-07-23 11:55:20"
0.42,0.32,0,231.8,50.0926,355.9,0,0,"2016-07-23 11:55:24"
0,0.33,0,231.69,50.01,0,0,0,"2016-07-23 11:55:28"
0.41,0.32,0,231.76,50.0325,358.3,0,0,"2016-07-23 11:55:32"
0.41,0.33,0,231.83,50.0175,356.1,0,0,"2016-07-23 11:55:36"
0.41,0,0,231.93,49.965,357,0,0,"2016-07-23 11:55:40"
0.41,0.34,0,232,50.0726,355.9,229,0,"2016-07-23 11:55:44"
0.41,0,0,231.84,49.9475,357.8,0,0,"2016-07-23 11:55:48"
0.41,0.32,0,232.07,50.035,0.251,231.6,0,"2016-07-23 11:55:52"
0.41,0.33,0,232.05,50.1127,355.9,227.7,0,"2016-07-23 11:55:56"
0.42,0.32,0,232.23,50.07,357.4,234.1,0,"2016-07-23 11:56:00"
0.43,0.34,0,232.44,49.9675,358.9,229.9,0,"2016-07-23 11:56:04"
0.41,0.33,0,232.15,50.02,356.8,229.9,0,"2016-07-23 11:56:08"
0.41,0.33,0,232.18,50.0175,356.1,227.7,0,"2016-07-23 11:56:12"
0.41,0.32,0,232.03,50.0225,358.3,0,0,"2016-07-23 11:56:16"
0.41,0,0,232.18,50.0275,356.3,0,0,"2016-07-23 11:56:20"
0.42,0,0,232.15,50.0175,354.8,0,0,"2016-07-23 11:56:24"
0.41,0.34,0,232.15,49.9525,356.2,232.2,0,"2016-07-23 11:56:28"
0.42,0,0,232.67,49.9875,356.6,0,0,"2016-07-23 11:56:32"
0.41,0.32,0,232.76,50.0425,357.9,0,0,"2016-07-23 11:56:36"
0.41,0.33,0,232.7,50.035,357.5,231.6,0,"2016-07-23 11:56:40"
0.41,0.34,0,232.72,50.015,356.2,232.2,0,"2016-07-23 11:56:44"
0.41,0.33,0,232.9,49.9725,357.1,229.9,0,"2016-07-23 11:56:48"
0.41,0.33,0,232.94,49.985,357,230.6,0,"2016-07-23 11:56:52"
0.41,0.33,0,232.74,50.045,355.8,229.6,0,"2016-07-23 11:56:56"
0.42,0.33,0,232.93,49.9925,13.57,229,0,"2016-07-23 11:57:00"
0.42,0.38,0,232.84,50.0475,357.3,0,0,"2016-07-23 11:57:04"
0.41,0.33,0,232.99,50.0175,356.6,230,0,"2016-07-23 11:57:08"
0.41,0.33,0,233.3,50.035,358.5,230.1,0,"2016-07-23 11:57:12"
0.41,0,0,233.1,50.0325,340,0,0,"2016-07-23 11:57:16"
0.41,0.33,0,233.18,50.0876,355.2,0,0,"2016-07-23 11:57:20"
0.41,0.32,0,233.35,50.1831,357.1,0,0,"2016-07-23 11:57:24"
0.41,0.32,0,233.29,50.1781,357.7,230.4,0,"2016-07-23 11:57:28"
0.41,0.33,0,233.26,50.0475,357.8,0,0,"2016-07-23 11:57:32"
0.41,0.33,0,233.04,50.05,358.5,229.5,0,"2016-07-23 11:57:36"
0.41,0,0,233.15,50.0475,358.5,0,0,"2016-07-23 11:57:40"
0.41,0,0,233.34,50.0525,358.6,0,0,"2016-07-23 11:57:44"
0.42,0.32,0,233.44,50.05,359,0,0,"2016-07-23 11:57:48"
0.41,0.32,0,233.44,50.0425,357,229.4,0,"2016-07-23 11:57:52"
0.42,0.33,0,233.27,49.98,355.6,0,0,"2016-07-23 11:57:56"
0.42,0,0,233.56,50.1579,355.6,0,0,"2016-07-23 11:58:00"
0,0,0,234.09,50.0325,0,0,0,"2016-07-23 11:58:04"
0,0,0,234.01,50.1504,0,0,0,"2016-07-23 11:58:08"
0,0,0,233.82,50.0425,0,0,0,"2016-07-23 11:58:12"
0,0,0,233.85,50.01,0,0,0,"2016-07-23 11:58:16"
0,0,0,234.07,50.0024,0,0,0,"2016-07-23 11:58:20"
0,0,0,233.87,49.9675,0,0,0,"2016-07-23 11:58:24"
0,0.32,0,233.88,50.1756,0,0,0,"2016-07-23 11:58:28"
0,0,0,233.97,49.9425,0,0,0,"2016-07-23 11:58:32"
0,0,0,233.87,50.02,0,0,0,"2016-07-23 11:58:36"
0,0,0,233.98,50.1353,0,0,0,"2016-07-23 11:58:40"
0,0,0,233.99,49.955,0,0,0,"2016-07-23 11:58:44"
0,0,0,233.93,50.0976,0,0,0,"2016-07-23 11:58:48"
0,0,0,233.85,50.0125,0,0,0,"2016-07-23 11:58:52"
0,0,0,233.81,50.07,0,0,0,"2016-07-23 11:58:56"
0,0,0,233.87,50.015,0,0,0,"2016-07-23 11:59:00"
0,0,0,234.11,49.975,0,0,0,"2016-07-23 11:59:04"
0,0,0,233.97,50.1429,0,0,0,"2016-07-23 11:59:08"
0,0,0,234.17,50.035,0,0,0,"2016-07-23 11:59:12"
0.41,0,0,233.54,50.1328,358.1,0,0,"2016-07-23 11:59:16"
0.41,0,0,233.7,50.3094,358.2,0,0,"2016-07-23 11:59:20"
0.42,0,0,233.7,50.02,355.6,0,0,"2016-07-23 11:59:24"
0.42,0,0,233.75,50.055,355.8,0,0,"2016-07-23 11:59:28"
0.44,0,0,233.74,50,356.5,0,0,"2016-07-23 11:59:32"
0.42,0,0,233.7,50.1957,355.5,0,0,"2016-07-23 11:59:36"
0.43,0,0,233.65,50.035,356.2,0,0,"2016-07-23 11:59:40"
0.42,0,0,233.63,50.04,0,0,0,"2016-07-23 11:59:44"
0.42,0,0,233.73,50.0175,357.2,0,0,"2016-07-23 11:59:48"
0.42,0,0,233.79,50.06,356,0,0,"2016-07-23 11:59:52"
0.42,0,0,233.98,50.0525,356.6,0,0,"2016-07-23 11:59:56"
0.42,0,0,233.67,50.025,352.6,0,0,"2016-07-23 12:00:00"
0.42,0,0,233.85,50.2159,353.5,0,0,"2016-07-23 12:00:04"
0.42,0,0,234.05,50.065,354.2,0,0,"2016-07-23 12:00:08"
0.43,0,0,234.01,50.1303,357.9,0,0,"2016-07-23 12:00:12"
0.42,0,0,234.08,49.9775,357.1,0,0,"2016-07-23 12:00:16"
0,0,0,233.81,50.0575,0,0,0,"2016-07-23 12:00:20"
0.42,0,0,233.87,50.0024,356.5,0,0,"2016-07-23 12:00:24"
0.42,0,0,233.94,50.05,357.3,0,0,"2016-07-23 12:00:28"
0.42,0,0,233.76,50.0425,358,0,0,"2016-07-23 12:00:32"
0.42,0,0,233.76,50.0175,355.9,0,0,"2016-07-23 12:00:36"
0.42,0,0,233.51,50.0776,357.7,0,0,"2016-07-23 12:00:40"
0.42,0,0,233.68,50.0175,355.6,0,0,"2016-07-23 12:00:44"
0,0,0,233.76,50.2613,0,0,0,"2016-07-23 12:00:48"
0.42,0.33,0,233.6,50.1579,357.3,0,0,"2016-07-23 12:00:52"
0.41,0,0,233.95,50.0901,356.9,0,0,"2016-07-23 12:00:56"
0.42,0,0,234.25,50.1152,354.6,0,0,"2016-07-23 12:01:00"
0.42,0,0,233.93,50.0425,354.7,0,0,"2016-07-23 12:01:04"
0.42,0,0,234.15,50.1303,353.6,0,0,"2016-07-23 12:01:08"
0.42,0,0,234.17,50.05,356.8,0,0,"2016-07-23 12:01:12"
0.42,0,0,234.15,50.055,355.2,0,0,"2016-07-23 12:01:16"
0.42,0,0,234.58,50.0575,357.7,0,0,"2016-07-23 12:01:20"
0.42,0,0,234.49,50.1278,13.64,0,0,"2016-07-23 12:01:24"
0,0,0,234.45,50.0776,0,0,0,"2016-07-23 12:01:28"
0.42,0,0,234.29,50.1529,356.6,0,0,"2016-07-23 12:01:32"
0.42,0,0,234.23,50.0851,354.1,0,0,"2016-07-23 12:01:36"
0.42,0,0,234.37,50,356.1,0,0,"2016-07-23 12:01:40"
0.42,0,0,234.69,50.04,355.8,0,0,"2016-07-23 12:01:44"
0.42,0,0,234.38,50.1957,355.3,0,0,"2016-07-23 12:01:48"
0.42,0,0,234.48,50.0976,354.1,0,0,"2016-07-23 12:01:52"
0.42,0,0,234.65,50.005,358.1,0,0,"2016-07-23 12:01:56"
0.42,0,0,234.67,50.1328,356.5,0,0,"2016-07-23 12:02:00"
0.42,0,0,234.56,50.2159,357.1,0,0,"2016-07-23 12:02:04"
0.42,0,0,234.55,50.0851,357.3,0,0,"2016-07-23 12:02:07"
0.42,0,0,234.53,50.0801,356.5,0,0,"2016-07-23 12:02:12"
0.42,0,0,234.16,50.03,355.6,0,0,"2016-07-23 12:02:16"
0.42,0,0,234.52,50.1831,355.1,0,0,"2016-07-23 12:02:20"
0.42,0,0,234.51,49.9975,358,0,0,"2016-07-23 12:02:24"
0.43,0,0,234.21,50,356,0,0,"2016-07-23 12:02:28"
0.42,0,0,234.36,50.055,356.5,0,0,"2016-07-23 12:02:32"
0.42,0,0,234.27,50.0275,356,0,0,"2016-07-23 12:02:36"
0.42,0,0,234.15,49.985,355.5,0,0,"2016-07-23 12:02:40"
0.42,0,0,234.31,50.0876,356.7,0,0,"2016-07-23 12:02:44"
0.42,0,0,234.38,50.01,358.3,0,0,"2016-07-23 12:02:48"
0.42,0,0,234.35,49.97,356.3,0,0,"2016-07-23 12:02:52"
0.42,0,0,234.55,50.0801,356.5,0,0,"2016-07-23 12:02:56"
0.42,0,0,234.43,50.0951,357.1,0,0,"2016-07-23 12:03:00"
0.42,0,0,234.48,50.025,356.9,0,0,"2016-07-23 12:03:04"
0.44,0,0,234.65,49.7141,358.8,0,0,"2016-07-23 12:03:08"
0.42,0,0,234.66,49.9575,357.3,0,0,"2016-07-23 12:03:12"
0.42,0,0,234.46,50.03,357.4,0,0,"2016-07-23 12:03:16"
0.42,0,0,234.26,49.9949,357.4,0,0,"2016-07-23 12:03:20"
0.42,0,0,234.34,50.0175,356,0,0,"2016-07-23 12:03:24"
0.42,0,0,234.44,49.955,359.1,0,0,"2016-07-23 12:03:27"
0.41,0,0,234.52,50.1882,358.4,0,0,"2016-07-23 12:03:32"
0.42,0,0,234.63,49.9925,357.2,0,0,"2016-07-23 12:03:36"
0.42,0,0,234.48,50.015,357.2,0,0,"2016-07-23 12:03:40"
0.43,0,0,234.68,50.0525,356,0,0,"2016-07-23 12:03:44"
0.42,0,0,234.27,49.9825,356.6,0,0,"2016-07-23 12:03:48"
0.42,0,0,234.47,49.975,356.5,0,0,"2016-07-23 12:03:52"
0.42,0.41,0,234.54,50.005,356.9,0,0,"2016-07-23 12:03:56"
0.42,0,0,234.52,50.0225,356.7,0,0,"2016-07-23 12:04:00"
0.42,0,0,234.37,49.955,357.2,0,0,"2016-07-23 12:04:04"
0.42,0,0,234.45,49.985,357.7,0,0,"2016-07-23 12:04:08"
0.42,0,0,234.29,50.0375,0.287,0,0,"2016-07-23 12:04:12"
0.42,0,0,234.55,49.975,356.1,0,0,"2016-07-23 12:04:16"
0.42,0,0,234.5,50.025,357.3,0,0,"2016-07-23 12:04:20"
0.42,0,0,234.55,49.97,358.5,0,0,"2016-07-23 12:04:24"
0.42,0,0,234.56,50.0425,357.8,0,0,"2016-07-23 12:04:28"
0.42,0,0,234.04,49.9525,356.3,0,0,"2016-07-23 12:04:32"
0.42,0,0,234.3,49.9625,358,0,0,"2016-07-23 12:04:36"
0.43,0,0,234.17,50.0475,357.2,0,0,"2016-07-23 12:04:40"
0.42,0,0,234.21,50.0475,357.4,0,0,"2016-07-23 12:04:44"
0.43,0,0,234.33,50.0751,358,0,0,"2016-07-23 12:04:48"
0.41,0,0,234.21,49.9525,357,0,0,"2016-07-23 12:04:52"
0.42,0,0,234.53,50.1077,356.4,0,0,"2016-07-23 12:04:56"
0.42,0,0,234.41,49.9775,356.8,0,0,"2016-07-23 12:05:00"
0,0,0,234.39,50.0175,0,0,0,"2016-07-23 12:05:04"
0.43,0,0,234.61,50.015,356.6,0,0,"2016-07-23 12:05:08"
0.43,0,0,234.5,49.9375,357.9,0,0,"2016-07-23 12:05:12"
0.42,0,0,234.56,49.96,13.98,0,0,"2016-07-23 12:05:16"
0.42,0,0,234.45,50.0275,357.5,0,0,"2016-07-23 12:05:20"
0.42,0,0,234.29,50.0675,352.6,0,0,"2016-07-23 12:05:24"
0.44,0,0,234.34,50.0125,356.9,0,0,"2016-07-23 12:05:28"
0.42,0,0,233.96,49.9825,357.6,0,0,"2016-07-23 12:05:32"
0.42,0,0,234.26,49.9875,359.4,0,0,"2016-07-23 12:05:36"
0.44,0,0,234,49.8479,357.2,0,0,"2016-07-23 12:05:41"
0.46,0,0,234.07,49.9625,356.4,0,0,"2016-07-23 12:05:44"
0.42,0,0,234.02,50,358.7,0,0,"2016-07-23 12:05:48"
0.44,0,0,234.11,50.0125,357,0,0,"2016-07-23 12:05:52"
0.45,0,0,234.07,50.0175,357.6,0,0,"2016-07-23 12:05:56"
0.42,0,0,234.31,50.1228,357.1,0,0,"2016-07-23 12:06:00"
0.43,0,0,234.47,50.0024,356,0,0,"2016-07-23 12:06:04"
0.46,0,0,234.22,49.9949,357.3,0,0,"2016-07-23 12:06:09"
0.49,0,0,233.79,50.03,356.9,0,0,"2016-07-23 12:06:12"
0.45,0,0,233.96,50,355.3,0,0,"2016-07-23 12:06:16"
0.42,0,0,233.92,50.025,355,0,0,"2016-07-23 12:06:21"
0.43,0,0,233.83,50.1403,356.7,0,0,"2016-07-23 12:06:25"
0.43,0,0,233.94,50.045,357.6,0,0,"2016-07-23 12:06:29"
0.44,0,0,233.94,49.94,350.7,0,0,"2016-07-23 12:06:33"
0.42,0,0,234,50.0425,357,0,0,"2016-07-23 12:06:37"
0.44,0,0,233.81,49.9675,356,0,0,"2016-07-23 12:06:41"
0.41,0,0,233.72,50.065,357.3,0,0,"2016-07-23 12:06:45"
0.47,0,0,234,50.025,357.6,0,0,"2016-07-23 12:06:49"
0.41,0,0,234.17,49.9675,356.6,0,0,"2016-07-23 12:06:53"
0.44,0,0,234.45,50.005,358.7,0,0,"2016-07-23 12:06:57"
0.43,0,0,234.05,49.9925,356.6,0,0,"2016-07-23 12:07:01"
0.44,0,0,234.31,50.0876,356.1,0,0,"2016-07-23 12:07:05"
0.43,0,0,234.06,50.0826,356.9,0,0,"2016-07-23 12:07:09"
0.44,0,0,233.98,49.9725,356.7,0,0,"2016-07-23 12:07:13"
0.44,0,0,234.32,50.015,358.6,0,0,"2016-07-23 12:07:17"
0.43,0,0,234.52,50.0976,355.5,0,0,"2016-07-23 12:07:21"
0.44,0,0,234.59,50.03,356.2,0,0,"2016-07-23 12:07:25"
0.43,0,0,234.58,50.0851,356.5,0,0,"2016-07-23 12:07:29"
0.42,0,0,234.74,50.1052,357.2,0,0,"2016-07-23 12:07:33"
0.41,0,0,234.79,49.98,358.9,0,0,"2016-07-23 12:07:37"
0.42,0,0,235,50.1253,358.7,0,0,"2016-07-23 12:07:41"
0.42,0,0,234.51,49.99,359.4,0,0,"2016-07-23 12:07:45"
0.42,0,0,234.53,50.0926,356.5,0,0,"2016-07-23 12:07:49"
0.41,0,0,234.49,50.035,356.9,0,0,"2016-07-23 12:07:53"
0.41,0,0,234.45,50.0575,357.3,0,0,"2016-07-23 12:07:57"
0.42,0,0,234.33,50.02,359.1,0,0,"2016-07-23 12:08:01"
0.42,0,0,234.04,50.03,358.9,0,0,"2016-07-23 12:08:05"
0.43,0,0,234.13,50.1102,357.5,0,0,"2016-07-23 12:08:09"
0.43,0,0,233.97,50.2108,358.4,0,0,"2016-07-23 12:08:13"
0.42,0,0,234.24,49.9625,357.4,0,0,"2016-07-23 12:08:17"
0.42,0,0,234.5,49.985,359,0,0,"2016-07-23 12:08:21"
0.42,0,0,234.27,50.163,357,0,0,"2016-07-23 12:08:25"
0.41,0,0,234.26,50.1027,356.3,0,0,"2016-07-23 12:08:29"
0.43,0,0,234.22,50.0751,0.306,0,0,"2016-07-23 12:08:33"
0.42,0,0,234.21,50.0024,357.4,0,0,"2016-07-23 12:08:37"
0.43,0,0,234.34,50.05,353.8,0,0,"2016-07-23 12:08:41"
0.43,0,0,234.17,50.0776,355,0,0,"2016-07-23 12:08:45"
0.42,0.33,0,234.46,49.9875,358.9,0,0,"2016-07-23 12:08:49"
0.42,0,0,234.3,49.96,359.8,0,0,"2016-07-23 12:08:53"
0.42,0,0,234.35,50.0751,357.8,0,0,"2016-07-23 12:08:57"
0.42,0,0,234.31,50.01,356.7,0,0,"2016-07-23 12:09:01"
0.43,0,0,234.33,49.9525,358.9,0,0,"2016-07-23 12:09:05"
0.43,0,0,234.35,50.025,358,0,0,"2016-07-23 12:09:09"
0.43,0,0,234.31,50.1002,356.4,0,0,"2016-07-23 12:09:13"
0.43,0,0,234.4,50.005,355.3,0,0,"2016-07-23 12:09:17"
0.42,0,0,234.37,49.9575,358.3,0,0,"2016-07-23 12:09:21"
0.42,0,0,234.26,49.99,357.9,0,0,"2016-07-23 12:09:25"
0.42,0,0,234.41,50.0951,355.6,0,0,"2016-07-23 12:09:29"
0.43,0,0,234.53,50.0751,357.2,0,0,"2016-07-23 12:09:33"
0.42,0,0,234.19,50.005,356.7,0,0,"2016-07-23 12:09:37"
0.43,0,0,234.21,49.9276,355.3,0,0,"2016-07-23 12:09:41"
0.43,0,0,234.01,50.015,356.9,0,0,"2016-07-23 12:09:45"
0.44,0,0,234.04,50.1479,358.4,0,0,"2016-07-23 12:09:49"
0.43,0,0,234.1,49.9425,358.6,0,0,"2016-07-23 12:09:53"
0.41,0,0,234.34,50.01,355.9,0,0,"2016-07-23 12:09:57"
0.42,0,0,234.28,50.025,359.1,0,0,"2016-07-23 12:10:01"
0.42,0,0,234.47,50.1529,357.9,0,0,"2016-07-23 12:10:05"
0.43,0,0,234.33,50.1429,354.5,0,0,"2016-07-23 12:10:09"
0.42,0,0,234.59,50.0851,357.8,0,0,"2016-07-23 12:10:13"
0.42,0,0,234.37,50.0225,359.3,0,0,"2016-07-23 12:10:17"
0.43,0,0,234.42,50.0425,357.2,0,0,"2016-07-23 12:10:21"
0.43,0,0,234.18,49.99,355,0,0,"2016-07-23 12:10:25"
0.44,0.35,0,234.54,50.0425,357.3,0,0,"2016-07-23 12:10:29"
0.42,0,0,234.38,50.045,358,0,0,"2016-07-23 12:10:33"
0.43,0,0,234.58,50.0525,356.5,0,0,"2016-07-23 12:10:37"
0,0,0,234.67,50.0726,0,0,0,"2016-07-23 12:10:41"
0.43,0,0,234.66,50.04,357.2,0,0,"2016-07-23 12:10:46"
0.42,0,0,234.37,50.055,358,0,0,"2016-07-23 12:10:50"
0.42,0,0,234.61,50.0826,354.7,0,0,"2016-07-23 12:10:54"
0.41,0,0,234.71,49.9949,6.39,0,0,"2016-07-23 12:10:58"
0.43,0,0,234.74,50.0275,356.6,0,0,"2016-07-23 12:11:02"
0.44,0,0,234.51,50.025,357.3,0,0,"2016-07-23 12:11:06"
0.43,0,0,234.44,50.0976,357.6,0,0,"2016-07-23 12:11:10"
0.54,0,0,234.19,50.005,359.1,0,0,"2016-07-23 12:11:14"
0.44,0,0,234.4,50.1077,356,0,0,"2016-07-23 12:11:19"
0.43,0,0,234.69,50.0826,356.4,0,0,"2016-07-23 12:11:23"
0.44,0,0,234.69,50.0175,356.4,0,0,"2016-07-23 12:11:27"
0.42,0,0,234.41,49.7314,358.3,0,0,"2016-07-23 12:11:31"
0.42,0,0,234.37,50.0175,354.8,0,0,"2016-07-23 12:11:35"
0.43,0,0,234.8,50.0575,356.8,0,0,"2016-07-23 12:11:39"
0.42,0,0,234.81,50.0926,358.1,0,0,"2016-07-23 12:11:43"
0.43,0,0,234.65,50.0375,358.4,0,0,"2016-07-23 12:11:47"
0.43,0,0,234.78,49.965,356.8,0,0,"2016-07-23 12:11:51"
0.43,0,0,234.78,49.955,356.7,0,0,"2016-07-23 12:11:55"
0.42,0,0,234.82,50.1228,355.3,0,0,"2016-07-23 12:11:59"
0.42,0,0,234.58,50.01,356.9,0,0,"2016-07-23 12:12:03"
0.42,0,0,234.39,49.965,357.2,0,0,"2016-07-23 12:12:07"
0.43,0,0,234.5,50.1202,359,0,0,"2016-07-23 12:12:11"
0.43,0,0,234.55,50.0525,356,0,0,"2016-07-23 12:12:15"
0.42,0,0,234.63,49.7735,356.8,0,0,"2016-07-23 12:12:19"
0.43,0,0,234.88,50.0425,358.5,0,0,"2016-07-23 12:12:23"
0.43,0,0,234.86,50.045,356.8,0,0,"2016-07-23 12:12:27"
0.42,0,0,234.71,50.0125,357.5,0,0,"2016-07-23 12:12:31"
0.43,0,0,234.62,49.9475,357.1,0,0,"2016-07-23 12:12:35"
0.42,0,0,234.52,49.965,355.3,0,0,"2016-07-23 12:12:39"
0.42,0,0,234.82,50.055,356.4,0,0,"2016-07-23 12:12:43"
0.43,0,0,234.83,50.06,359,0,0,"2016-07-23 12:12:47"
0.43,0,0,234.81,50.1504,358.8,0,0,"2016-07-23 12:12:51"
0.42,0,0,234.63,49.9675,358,0,0,"2016-07-23 12:12:55"
0.42,0,0,235.05,50.065,358.9,0,0,"2016-07-23 12:12:59"
0.43,0,0,234.72,49.9875,356.2,0,0,"2016-07-23 12:13:03"
0.43,0,0,234.9,49.99,358.3,0,0,"2016-07-23 12:13:07"
0.42,0,0,235.05,50.0075,357.6,0,0,"2016-07-23 12:13:11"
0.42,0,0,235.11,50.07,357.1,0,0,"2016-07-23 12:13:15"
0.43,0,0,235.49,50.0225,352.7,0,0,"2016-07-23 12:13:19"
0.43,0,0,235.22,50.0125,352.8,0,0,"2016-07-23 12:13:23"
0.42,0,0,235.32,50.0926,356.7,0,0,"2016-07-23 12:13:27"
0.42,0,0,235.41,50.04,357.5,0,0,"2016-07-23 12:13:31"
0.43,0,0,235.42,50.0024,355.9,0,0,"2016-07-23 12:13:35"
0.42,0,0,235.36,49.98,356.9,0,0,"2016-07-23 12:13:39"
0.42,0,0,235.12,49.9725,354.7,0,0,"2016-07-23 12:13:43"
0.43,0,0,234.99,49.9775,356.5,0,0,"2016-07-23 12:13:47"
0.42,0,0,234.9,49.985,355.9,0,0,"2016-07-23 12:13:51"
0.42,0,0,234.67,50.0275,354.9,0,0,"2016-07-23 12:13:55"
0.42,0,0,234.88,49.99,357.5,0,0,"2016-07-23 12:13:59"
0.42,0,0,234.72,50,358.1,0,0,"2016-07-23 12:14:03"
0.42,0,0,234.55,49.8603,356.9,0,0,"2016-07-23 12:14:07"
0.42,0,0,234.8,49.965,357.8,0,0,"2016-07-23 12:14:11"
0.42,0,0,234.87,50.1177,355.7,0,0,"2016-07-23 12:14:15"
0.42,0,0,234.83,49.9725,351.9,0,0,"2016-07-23 12:14:19"
0.41,0,0,235.06,50.0375,356.9,0,0,"2016-07-23 12:14:23"
0.42,0,0,234.95,49.9051,358.2,0,0,"2016-07-23 12:14:27"
0.42,0,0,235.05,50.0275,357.6,0,0,"2016-07-23 12:14:31"
0.42,0,0,234.92,49.93,358.4,0,0,"2016-07-23 12:14:35"
0.41,0,0,235.01,49.9975,355.5,0,0,"2016-07-23 12:14:39"
0.42,0,0,235.03,49.9775,358.4,0,0,"2016-07-23 12:14:43"
0.41,0,0,235.02,49.9625,356.6,0,0,"2016-07-23 12:14:47"
0.41,0,0,234.98,49.95,358.6,0,0,"2016-07-23 12:14:51"
0.42,0,0,235.15,50.0125,356.9,0,0,"2016-07-23 12:14:55"
0.42,0,0,234.93,49.94,355.5,0,0,"2016-07-23 12:14:59"
0.42,0,0,234.84,50.01,358.9,0,0,"2016-07-23 12:15:03"
0.43,0,0,234.88,49.93,357.6,0,0,"2016-07-23 12:15:07"
0.42,0,0,235,50.0751,16.63,0,0,"2016-07-23 12:15:11"
0.42,0,0,234.84,50.0024,357.8,0,0,"2016-07-23 12:15:15"
0.41,0,0,234.76,50.05,357.1,0,0,"2016-07-23 12:15:19"
0.42,0,0,234.53,49.99,358.5,0,0,"2016-07-23 12:15:23"
0.42,0,0,234.73,49.935,355.4,0,0,"2016-07-23 12:15:27"
0.41,0,0,234.64,49.8778,357.4,0,0,"2016-07-23 12:15:31"
0.42,0,0,234.61,50.055,358,0,0,"2016-07-23 12:15:35"
0.41,0,0,234.59,49.935,356.1,0,0,"2016-07-23 12:15:39"
0.41,0,0,234.59,49.9425,357.5,0,0,"2016-07-23 12:15:43"
0.41,0,0,234.55,49.8628,357.3,0,0,"2016-07-23 12:15:47"
0.41,0,0,234.62,49.9675,356.2,0,0,"2016-07-23 12:15:51"
0.41,0,0,234.61,49.9875,359.7,0,0,"2016-07-23 12:15:55"
0.42,0,0,234.65,49.9775,357.5,0,0,"2016-07-23 12:15:59"
0.41,0,0,234.61,50.0375,358,0,0,"2016-07-23 12:16:03"
0.41,0,0,234.63,50.055,358.1,0,0,"2016-07-23 12:16:07"
0.42,0,0,234.53,50.0275,357.6,0,0,"2016-07-23 12:16:11"
0.42,0,0,234.75,49.97,358.3,0,0,"2016-07-23 12:16:15"
0.42,0,0,234.83,49.965,352.5,0,0,"2016-07-23 12:16:19"
0.43,0,0,233.17,49.9575,356.2,0,0,"2016-07-23 12:16:23"
0.41,0,0,234.68,49.9775,358.8,0,0,"2016-07-23 12:16:27"
0.41,0,0,234.58,49.9151,358,0,0,"2016-07-23 12:16:31"
0.41,0,0,234.5,50.06,356.8,0,0,"2016-07-23 12:16:35"
0.42,0,0,234.52,49.99,355.7,0,0,"2016-07-23 12:16:39"
0.42,0,0,234.38,49.8927,358.4,0,0,"2016-07-23 12:16:43"
0.41,0,0,234.18,49.93,356.6,0,0,"2016-07-23 12:16:47"
0.41,0.33,0,234.23,52.6038,356.3,0,0,"2016-07-23 12:16:51"
0.42,0,0,233.98,49.9925,357.4,0,0,"2016-07-23 12:16:55"
0.41,0,0,233.5,49.8852,359.1,0,0,"2016-07-23 12:16:59"
0.42,0,0,234.13,49.96,357.8,0,0,"2016-07-23 12:17:03"
0.41,0,0,234.15,49.9151,359,0,0,"2016-07-23 12:17:07"
0.42,0,0,234.27,49.9625,358.3,0,0,"2016-07-23 12:17:11"
0.41,0,0,234.12,49.99,357.1,0,0,"2016-07-23 12:17:15"
0.41,0,0,234.6,50.005,357.1,0,0,"2016-07-23 12:17:19"
0.42,0,0,234.54,50.0675,351.7,0,0,"2016-07-23 12:17:23"
0.41,0,0,234.46,49.98,356,0,0,"2016-07-23 12:17:27"
0.42,0,0,231.85,49.9325,357.1,0,0,"2016-07-23 12:17:31"
0.41,0,0,234.55,50.045,0.197,0,0,"2016-07-23 12:17:35"
0.44,0,0,234.5,50.0024,358.1,0,0,"2016-07-23 12:17:39"
0.42,0,0,234.44,49.9525,359.1,0,0,"2016-07-23 12:17:43"
0.41,0,0,234.6,49.9201,357.4,0,0,"2016-07-23 12:17:47"
0.42,0,0,234.73,49.9101,357.4,0,0,"2016-07-23 12:17:51"
0.42,0,0,234.56,49.98,359.1,0,0,"2016-07-23 12:17:55"
0.42,0,0,234.68,49.9251,359.6,0,0,"2016-07-23 12:17:59"
0.42,0,0,234.74,49.965,357.8,0,0,"2016-07-23 12:18:03"
0.42,0,0,234.78,49.96,357.7,0,0,"2016-07-23 12:18:07"
0.42,0,0,234.8,50.1127,358.9,0,0,"2016-07-23 12:18:11"
0.42,0,0,234.84,49.9425,356.5,0,0,"2016-07-23 12:18:15"
0.42,0,0,234.59,49.9101,357.8,0,0,"2016-07-23 12:18:19"
0.41,0,0,234.71,49.9126,356.6,0,0,"2016-07-23 12:18:23"
0.42,0,0,234.6,49.9875,357.5,0,0,"2016-07-23 12:18:27"
0.42,0,0,234.57,50.0175,356.2,0,0,"2016-07-23 12:18:31"
0.42,0,0,234.71,49.9625,357.1,0,0,"2016-07-23 12:18:35"
0.43,0,0,234.65,50.1202,357.1,0,0,"2016-07-23 12:18:39"
0.41,0,0,234.88,49.99,358,0,0,"2016-07-23 12:18:43"
0.41,0,0,235.27,50.0625,356.9,0,0,"2016-07-23 12:18:47"
0.42,0,0,235.06,49.9875,356.9,0,0,"2016-07-23 12:18:51"
0.41,0,0,234.38,49.975,356.8,0,0,"2016-07-23 12:18:55"
0.42,0,0,234.75,50.04,356.7,0,0,"2016-07-23 12:18:59"
0.41,0,0,234.81,50.065,357.3,0,0,"2016-07-23 12:19:03"
0.42,0,0,234.7,50.0225,357.2,0,0,"2016-07-23 12:19:07"
0.42,0,0,234.47,50.05,356.4,0,0,"2016-07-23 12:19:11"
0.41,0,0,234.75,49.9825,357,0,0,"2016-07-23 12:19:15"
0.41,0,0,234.91,49.98,356,0,0,"2016-07-23 12:19:19"
0.42,0,0,234.82,50.0751,356.6,0,0,"2016-07-23 12:19:23"
0.42,0,0,234.84,50.0475,358.1,0,0,"2016-07-23 12:19:27"
0.42,0,0,235.03,50.2058,357.6,0,0,"2016-07-23 12:19:31"
0.42,0,0,235,49.96,352,0,0,"2016-07-23 12:19:35"
0.42,0,0,234.78,50.0976,355.2,0,0,"2016-07-23 12:19:39"
0.41,0,0,234.57,49.9775,355.8,0,0,"2016-07-23 12:19:43"
0.42,0,0,234.78,50.03,355.9,0,0,"2016-07-23 12:19:47"
0.41,0,0,234.61,50.06,356,0,0,"2016-07-23 12:19:51"
0.41,0,0,234.42,49.9875,357.2,0,0,"2016-07-23 12:19:55"
0.41,0,0,234.87,50,357.6,0,0,"2016-07-23 12:19:59"
0.42,0,0,234.81,50.0625,358,0,0,"2016-07-23 12:20:03"
0.42,0,0,234.57,50.0325,357.2,0,0,"2016-07-23 12:20:07"
0.41,0,0,234.4,50.0951,356,0,0,"2016-07-23 12:20:11"
0.43,0,0,234.29,50.01,356.3,0,0,"2016-07-23 12:20:15"
0.42,0,0,234.38,50.0125,357.4,0,0,"2016-07-23 12:20:19"
0.41,0,0,234.64,50.0976,357.6,0,0,"2016-07-23 12:20:23"
0.42,0,0,234.59,50.0075,352.1,0,0,"2016-07-23 12:20:27"
0.41,0,0,234.76,50.0801,356.2,0,0,"2016-07-23 12:20:31"
0.41,0,0,234.48,50.0625,357.4,0,0,"2016-07-23 12:20:35"
0.41,0,0,234.43,50.03,358.5,0,0,"2016-07-23 12:20:39"
0,0,0,234.37,50.0325,0,0,0,"2016-07-23 12:20:43"
0.42,0,0,235.12,50.0325,0,0,0,"2016-07-23 12:20:47"
0.42,0,0,234.39,50.025,357.4,0,0,"2016-07-23 12:20:51"
0.42,0,0,234.26,50.1253,358.4,0,0,"2016-07-23 12:20:55"
0.42,0,0,234.12,50.0175,358.5,0,0,"2016-07-23 12:20:59"
0.43,0,0,234.25,50.01,357,0,0,"2016-07-23 12:21:03"
0.42,0,0,234.53,49.9775,355.1,0,0,"2016-07-23 12:21:07"
0.41,0,0,234.58,50.0475,359.2,0,0,"2016-07-23 12:21:11"
0.41,0,0,234.63,49.975,355.7,0,0,"2016-07-23 12:21:15"
0.41,0,0,234.63,50.0125,356.5,0,0,"2016-07-23 12:21:19"
0.42,0,0,234.64,50.1554,358.3,0,0,"2016-07-23 12:21:23"
0.41,0,0,234.72,49.98,356.8,0,0,"2016-07-23 12:21:27"
0.42,0,0,234.45,50.055,356.7,0,0,"2016-07-23 12:21:31"
0.41,0,0,234.55,50.0125,356.2,0,0,"2016-07-23 12:21:35"
0.42,0,0,234.45,50.05,0.342,0,0,"2016-07-23 12:21:39"
0.42,0,0,234.47,50.0075,356.2,0,0,"2016-07-23 12:21:43"
0.42,0,0,234.37,49.98,356.8,0,0,"2016-07-23 12:21:47"
0.42,0,0,234.32,50.07,356.7,0,0,"2016-07-23 12:21:51"
0.41,0,0,234.62,49.9949,357.5,0,0,"2016-07-23 12:21:55"
0.41,0,0,234.97,50.0675,356.9,0,0,"2016-07-23 12:21:59"
0.41,0,0,234.85,50.0024,358.3,0,0,"2016-07-23 12:22:03"
0.42,0,0,234.63,50.0675,356.9,0,0,"2016-07-23 12:22:07"
0.42,0,0,234.62,49.9525,358.6,0,0,"2016-07-23 12:22:11"
0.42,0,0,234.54,50.0275,355.3,0,0,"2016-07-23 12:22:15"
0.42,0,0,234.63,50.1102,356.7,0,0,"2016-07-23 12:22:19"
0.42,0,0,234.81,50.0175,358.1,0,0,"2016-07-23 12:22:23"
0.42,0,0,234.67,50.01,355.5,0,0,"2016-07-23 12:22:27"
0.42,0,0,234.72,50.0826,359.1,0,0,"2016-07-23 12:22:31"
0.41,0,0,234.85,50.0275,358.9,0,0,"2016-07-23 12:22:35"
0.42,0,0,234.84,50.03,356.3,0,0,"2016-07-23 12:22:39"
0.41,0,0,234.81,50.0625,352.2,0,0,"2016-07-23 12:22:43"
0.41,0,0,235.08,50.0425,355.6,0,0,"2016-07-23 12:22:47"
0.41,0,0,235.05,49.7883,356.4,0,0,"2016-07-23 12:22:51"
0.41,0,0,235.07,50.0826,357.1,0,0,"2016-07-23 12:22:55"
0.42,0,0,235.06,50.05,359.2,0,0,"2016-07-23 12:22:59"
0.42,0,0,235.01,50.0125,358.9,0,0,"2016-07-23 12:23:03"
0.41,0,0,235.12,50.005,358.9,0,0,"2016-07-23 12:23:07"
0.42,0.32,0,235.01,50.1102,358.1,0,0,"2016-07-23 12:23:11"
0.42,0,0,234.72,50,357.8,0,0,"2016-07-23 12:23:15"
0.42,0,0,234.47,50.0024,358.1,0,0,"2016-07-23 12:23:19"
0.41,0,0,234.66,49.9875,359.8,0,0,"2016-07-23 12:23:23"
0.41,0,0,234.55,49.9825,357.8,0,0,"2016-07-23 12:23:27"
0.41,0,0,234.75,50.005,355.6,0,0,"2016-07-23 12:23:31"
0.43,0,0,234.82,49.7834,356.6,0,0,"2016-07-23 12:23:35"
0.42,0,0,234.84,49.9825,359.3,0,0,"2016-07-23 12:23:39"
0.41,0,0,234.67,50.0801,356.4,0,0,"2016-07-23 12:23:43"
0.41,0,0,235.3,50.0625,357.8,0,0,"2016-07-23 12:23:47"
0,0,0,235.11,50.0625,0,0,0,"2016-07-23 12:23:51"
0.41,0,0,234.85,50.0751,356.3,0,0,"2016-07-23 12:23:55"
0.42,0,0,235,50.0525,358.6,0,0,"2016-07-23 12:23:59"
0.41,0,0,234.65,50.0425,357.8,0,0,"2016-07-23 12:24:03"
0.41,0,0,234.81,50.035,356.7,0,0,"2016-07-23 12:24:07"
0.42,0,0,235.04,50.06,358.1,0,0,"2016-07-23 12:24:11"
0.41,0,0,235.04,50.0951,0.647,0,0,"2016-07-23 12:24:15"
0.41,0.32,0,235.11,50.0951,359,227.9,0,"2016-07-23 12:24:19"
0.41,0.32,0,235.21,50.1957,358.8,230.2,0,"2016-07-23 12:24:23"
0.41,0.32,0,235.37,50.0125,357,0,0,"2016-07-23 12:24:27"
0.41,0.32,0,234.94,50.055,357.6,227.2,0,"2016-07-23 12:24:31"
0.42,0.32,0,234.68,50.1504,356.7,0,0,"2016-07-23 12:24:35"
0.42,0,0,234.77,50.0801,356.2,0,0,"2016-07-23 12:24:39"
0.41,0.33,0,234.82,50.1353,12.47,228.6,0,"2016-07-23 12:24:43"
0.41,0.33,0,234.96,50.2134,358.6,0,0,"2016-07-23 12:24:47"
0.42,0.33,0,234.56,50.06,356.4,231.3,0,"2016-07-23 12:24:51"
0.41,0.33,0,234.86,50.1454,356.2,238.9,0,"2016-07-23 12:24:55"
0.4,0.32,0,234.77,49.975,356.5,229.1,0,"2016-07-23 12:24:59"
0.41,0.32,0,234.54,50.231,356.6,0,0,"2016-07-23 12:25:03"
0.41,0.32,0,234.52,50.065,357.6,0,0,"2016-07-23 12:25:07"
0.42,0.33,0,234.78,50.05,356.6,228.2,0,"2016-07-23 12:25:11"
0.41,0.32,0,234.69,49.9925,356.4,229,0,"2016-07-23 12:25:15"
0.41,0.32,0,235.02,50.1052,357.7,229.1,0,"2016-07-23 12:25:19"
0.42,0,0,235.2,50.0675,359.4,0,0,"2016-07-23 12:25:23"
0.41,0,0,235.4,50.005,357,0,0,"2016-07-23 12:25:27"
0.41,0,0,235.37,50.1504,356.9,0,0,"2016-07-23 12:25:31"
0.42,0,0,235.43,50.0425,356.1,0,0,"2016-07-23 12:25:35"
0.41,0,0,235.37,49.99,357.8,0,0,"2016-07-23 12:25:39"
0.42,0.31,0,235.12,50.045,354.3,0,0,"2016-07-23 12:25:43"
0.41,0,0,235.34,49.9949,354.6,0,0,"2016-07-23 12:25:47"
0.41,0,0,235.31,50.1579,355.9,0,0,"2016-07-23 12:25:51"
0.42,0,0,235.45,49.985,356.9,0,0,"2016-07-23 12:25:55"
0.41,0,0,235.42,50.1102,356.4,0,0,"2016-07-23 12:25:59"
0.41,0,0,235.56,50.0225,356.6,0,0,"2016-07-23 12:26:03"
0.42,0,0,235.09,50.0926,356.3,0,0,"2016-07-23 12:26:07"
0.42,0,0,235.37,50.035,356.1,0,0,"2016-07-23 12:26:11"
0.41,0,0,235.28,50.1882,0.342,0,0,"2016-07-23 12:26:15"
0.41,0,0,235.37,50.02,357.9,0,0,"2016-07-23 12:26:19"
0.42,0,0,235.39,50.015,357,0,0,"2016-07-23 12:26:23"
0.42,0,0,235.18,50.0425,357.8,0,0,"2016-07-23 12:26:27"
0.41,0,0,235.11,50.035,358.7,0,0,"2016-07-23 12:26:31"
0.41,0,0,234.83,50.0826,358.7,0,0,"2016-07-23 12:26:35"
0,0.32,0,235.68,50.015,0,0,0,"2016-07-23 12:26:39"
0,0,0,235.79,50.0675,0,0,0,"2016-07-23 12:26:43"
0,0,0,235.96,49.9825,0,0,0,"2016-07-23 12:26:47"
0,0,0,236.06,49.9975,0,0,0,"2016-07-23 12:26:51"
0,0,0,236.15,50.1982,0,0,0,"2016-07-23 12:26:55"
0,0,0,236.1,49.9575,0,0,0,"2016-07-23 12:26:59"
0,0,0,236.22,50.1353,0,0,0,"2016-07-23 12:27:03"
0,0,0,236.23,50.1454,0,0,0,"2016-07-23 12:27:07"
0,0,0,236.32,50.05,0,0,0,"2016-07-23 12:27:11"
0,0,0,236.4,50.0525,0,0,0,"2016-07-23 12:27:15"
0,0,0,236.5,50.0751,0,0,0,"2016-07-23 12:27:19"
0,0,0,236.69,50.1202,0,0,0,"2016-07-23 12:27:23"
0.42,0,0,235.58,50.0075,357.7,0,0,"2016-07-23 12:27:27"
0.42,0,0,235.86,50.01,357,0,0,"2016-07-23 12:27:31"
0.41,0,0,235.86,50.02,358.3,0,0,"2016-07-23 12:27:35"
0.41,0,0,235.57,50.01,355.2,0,0,"2016-07-23 12:27:39"
0.41,0,0,235.66,49.9949,355.5,0,0,"2016-07-23 12:27:43"
0.41,0,0,235.62,50.2058,357.3,0,0,"2016-07-23 12:27:47"
0.41,0,0,235.89,50.0275,0.486,0,0,"2016-07-23 12:27:51"
0.41,0,0,235.79,50.1102,356.8,0,0,"2016-07-23 12:27:55"
0.42,0,0,236.2,50.0325,356,0,0,"2016-07-23 12:27:59"
0.41,0,0,236.12,50.0625,355.7,0,0,"2016-07-23 12:28:03"
0.42,0,0,236.06,50.1228,358.7,0,0,"2016-07-23 12:28:07"
0.42,0,0,236.08,50.1353,356.4,0,0,"2016-07-23 12:28:11"
0.41,0,0,236.16,50.2008,358.7,0,0,"2016-07-23 12:28:15"
0.42,0,0,236.02,50.025,356.4,0,0,"2016-07-23 12:28:19"
0.42,0,0,236.29,50.06,356.2,0,0,"2016-07-23 12:28:23"
0.43,0,0,236.42,50.1303,358.1,0,0,"2016-07-23 12:28:27"
0.43,0,0,236.24,50.1127,357.7,0,0,"2016-07-23 12:28:31"
0.42,0,0,235.36,50.1253,356.9,0,0,"2016-07-23 12:28:35"
0.41,0,0,235.14,49.99,356.1,0,0,"2016-07-23 12:28:39"
0.42,0,0,235.12,50.0325,357,0,0,"2016-07-23 12:28:43"
0.41,0,0,235.24,50.0375,356.5,0,0,"2016-07-23 12:28:47"
0.42,0,0,235.28,50.1052,355.8,0,0,"2016-07-23 12:28:51"
0.42,0,0,235.31,47.7235,356.4,0,0,"2016-07-23 12:28:55"
0.41,0,0,235.24,50.025,355.7,0,0,"2016-07-23 12:28:59"
0.42,0,0,235.38,50.0475,359.1,0,0,"2016-07-23 12:29:03"
0.41,0,0,232.17,50.0675,355.5,0,0,"2016-07-23 12:29:07"
0.41,0,0,234.93,50.1152,356.8,0,0,"2016-07-23 12:29:11"
0.41,0,0,234.82,50.1002,357.6,0,0,"2016-07-23 12:29:15"
0.41,0,0,235.04,50.1102,358.5,0,0,"2016-07-23 12:29:19"
0.42,0,0,235,49.8305,357.1,0,0,"2016-07-23 12:29:23"
0.41,0,0,235.09,50.0075,357.2,0,0,"2016-07-23 12:29:27"
0.42,0,0,234.91,50.2083,355.6,0,0,"2016-07-23 12:29:31"
0.41,0,0,234.68,50.1027,356.3,0,0,"2016-07-23 12:29:36"
0.41,0,0,234.75,50.0726,355.5,0,0,"2016-07-23 12:29:40"
0.42,0,0,234.69,50.1504,358.1,0,0,"2016-07-23 12:29:44"
0.41,0.32,0,234.61,50.2058,357.5,0,0,"2016-07-23 12:29:48"
0.42,0,0,234.83,50.0625,355.4,0,0,"2016-07-23 12:29:52"
0.42,0,0,235.07,50.0926,356.7,0,0,"2016-07-23 12:29:56"
0.41,0,0,235.26,50.0951,359.5,0,0,"2016-07-23 12:30:00"
0.41,0,0,235.26,50.0475,356.5,0,0,"2016-07-23 12:30:04"
0.42,0,0,235.35,50.3626,358.5,0,0,"2016-07-23 12:30:08"
0.52,0,0,235.06,50.0901,359.1,0,0,"2016-07-23 12:30:12"
0.43,0,0,235.09,50.0901,358.9,0,0,"2016-07-23 12:30:16"
0.41,0,0,235.1,50.1152,355.7,0,0,"2016-07-23 12:30:20"
0.41,0,0,235.35,50.0325,0.089,0,0,"2016-07-23 12:30:24"
0.42,0,0,235.07,50.2436,359.1,0,0,"2016-07-23 12:30:28"
0.42,0,0,235.01,50.055,357.2,0,0,"2016-07-23 12:30:32"
0.42,0,0,234.76,50.1605,358.4,0,0,"2016-07-23 12:30:36"
0.42,0,0,235.18,50.1253,357.3,0,0,"2016-07-23 12:30:40"
0.41,0,0,234.93,50.0525,355.7,0,0,"2016-07-23 12:30:44"
0.42,0,0,235.02,50.055,356.5,0,0,"2016-07-23 12:30:48"
0.42,0,0,235.03,50.1278,356.3,0,0,"2016-07-23 12:30:52"
0.42,0,0,235.05,50.0751,357,0,0,"2016-07-23 12:30:56"
0.41,0,0,235.3,50.1907,357.2,0,0,"2016-07-23 12:31:00"
0.42,0,0,235.18,50.1228,359,0,0,"2016-07-23 12:31:04"
0.42,0,0,235.13,50.1705,358.4,0,0,"2016-07-23 12:31:08"
0.43,0,0,235.07,50.1228,0.647,0,0,"2016-07-23 12:31:12"
0.42,0,0,234.77,50.04,354.4,0,0,"2016-07-23 12:31:16"
0.42,0,0,234.69,50.1479,355.8,0,0,"2016-07-23 12:31:20"
0.41,0,0,234.72,50.1328,356.2,0,0,"2016-07-23 12:31:24"
0.42,0,0,234.86,50.0926,356.3,0,0,"2016-07-23 12:31:28"
0.41,0,0,234.63,50.1907,357,0,0,"2016-07-23 12:31:32"
0.41,0,0,234.86,50.1957,355.1,0,0,"2016-07-23 12:31:36"
0.41,0.32,0,234.69,50.07,355.6,0,0,"2016-07-23 12:31:40"
0.42,0,0,234.64,50.0225,356.1,0,0,"2016-07-23 12:31:44"
0.42,0,0,234.68,50.1529,355.7,0,0,"2016-07-23 12:31:48"
0.42,0,0,234.59,50.0851,355.9,0,0,"2016-07-23 12:31:52"
0.42,0,0,234.79,50.0751,357.8,0,0,"2016-07-23 12:31:56"
0.42,0,0,234.56,50.045,357.7,0,0,"2016-07-23 12:32:00"
0.42,0,0,234.46,50.065,358.4,0,0,"2016-07-23 12:32:04"
0.41,0,0,234.39,50.0675,357.4,0,0,"2016-07-23 12:32:08"
0.42,0,0,234.84,50.0225,357.1,0,0,"2016-07-23 12:32:12"
0.42,0,0,234.65,50.0024,356.5,0,0,"2016-07-23 12:32:16"
0.42,0,0,234.88,50.0225,355.8,0,0,"2016-07-23 12:32:20"
0.43,0,0,234.96,50.0075,356,0,0,"2016-07-23 12:32:24"
0.42,0,0,235,50.06,357.1,0,0,"2016-07-23 12:32:28"
0.41,0,0,233.74,50.0325,358.4,0,0,"2016-07-23 12:32:32"
0.41,0,0,234.53,50.1932,356.4,0,0,"2016-07-23 12:32:36"
0.42,0,0,234.61,50.06,358.7,0,0,"2016-07-23 12:32:40"
0.41,0,0,234.43,50.0726,357,0,0,"2016-07-23 12:32:44"
0.42,0,0,234.57,50.0375,357.2,0,0,"2016-07-23 12:32:48"
0.42,0,0,234.47,49.99,355.4,0,0,"2016-07-23 12:32:52"
0.43,0,0,234.69,50.1605,356.5,0,0,"2016-07-23 12:32:56"
0,0,0,234.81,50.0801,0,0,0,"2016-07-23 12:33:00"
0.42,0,0,234.69,50,357.7,0,0,"2016-07-23 12:33:04"
0.43,0,0,234.67,50.0425,357.2,0,0,"2016-07-23 12:33:08"
0.42,0,0,234.69,50.1806,358.6,0,0,"2016-07-23 12:33:12"
0.42,0,0,234.59,50.0726,355.3,0,0,"2016-07-23 12:33:16"
0.42,0,0,234.85,50.0575,353.5,0,0,"2016-07-23 12:33:20"
0.42,0,0,234.71,49.9975,356.8,0,0,"2016-07-23 12:33:24"
0.42,0,0,234.24,50.05,357,0,0,"2016-07-23 12:33:28"
0.41,0,0,234.31,50.1002,356.3,0,0,"2016-07-23 12:33:32"
0.43,0,0,234.47,50.1278,357.2,0,0,"2016-07-23 12:33:36"
0.41,0.32,0,234.77,50.055,355.8,0,0,"2016-07-23 12:33:40"
0.42,0,0,234.56,49.94,355.6,0,0,"2016-07-23 12:33:44"
0.42,0,0,234.49,50.1328,357.9,0,0,"2016-07-23 12:33:48"
0.42,0,0,234.55,49.95,358.7,0,0,"2016-07-23 12:33:52"
0.42,0,0,234.36,50.05,357.2,0,0,"2016-07-23 12:33:56"
0.42,0,0,234.52,49.7265,356.1,0,0,"2016-07-23 12:34:00"
0.41,0,0,234.52,50.045,358.1,0,0,"2016-07-23 12:34:04"
0.42,0,0,234.51,49.9825,358.2,0,0,"2016-07-23 12:34:08"
0.41,0,0,234.54,49.6894,357.9,0,0,"2016-07-23 12:34:12"
0.42,0,0,234.38,49.985,357.6,0,0,"2016-07-23 12:34:16"
0.42,0,0,234.57,50.0776,354,0,0,"2016-07-23 12:34:20"
0.42,0,0,234.62,49.935,356.3,0,0,"2016-07-23 12:34:24"
0.41,0,0,234.56,49.965,356.2,0,0,"2016-07-23 12:34:28"
0.42,0,0,234.24,49.9051,358.7,0,0,"2016-07-23 12:34:32"
0.41,0,0,234.41,50.2361,358.5,0,0,"2016-07-23 12:34:36"
0.41,0,0,234.2,49.99,357.6,0,0,"2016-07-23 12:34:40"
0.41,0,0,233.97,49.8952,358.7,0,0,"2016-07-23 12:34:44"
0.42,0,0,234.29,49.9002,358,0,0,"2016-07-23 12:34:48"
0.42,0,0,233.99,50.015,356.7,0,0,"2016-07-23 12:34:52"
0.41,0,0,231.41,49.94,357.5,0,0,"2016-07-23 12:34:56"
0.41,0,0,234,50.045,358.3,0,0,"2016-07-23 12:35:00"
0.42,0,0,233.96,49.9375,358.5,0,0,"2016-07-23 12:35:04"
0.41,0,0,233.75,49.9625,358.5,0,0,"2016-07-23 12:35:08"
0.42,0,0,233.88,49.8827,358.8,0,0,"2016-07-23 12:35:12"
0.41,0,0,234.06,49.95,357.9,0,0,"2016-07-23 12:35:16"
0.43,0,0,233.96,50.1177,356,0,0,"2016-07-23 12:35:20"
0.42,0,0,231.83,49.9002,356.7,0,0,"2016-07-23 12:35:24"
0.41,0,0,233.67,49.9201,356.2,0,0,"2016-07-23 12:35:28"
0.42,0,0,233.79,49.945,357.5,0,0,"2016-07-23 12:35:32"
0.41,0,0,234.06,49.94,357.4,0,0,"2016-07-23 12:35:36"
0.41,0,0,233.86,49.9775,358,0,0,"2016-07-23 12:35:40"
0.41,0,0,234.29,49.9276,359.5,0,0,"2016-07-23 12:35:44"
0.41,0,0,231.18,49.9675,0.108,0,0,"2016-07-23 12:35:48"
0.42,0,0,234.17,49.9425,358.8,0,0,"2016-07-23 12:35:52"
0.42,0,0,234.17,49.99,357.6,0,0,"2016-07-23 12:35:56"
0.42,0,0,234.24,50.055,358.2,0,0,"2016-07-23 12:36:00"
0.42,0,0,234.23,50.045,358.7,0,0,"2016-07-23 12:36:04"
0.42,0,0,234.15,49.9975,357.1,0,0,"2016-07-23 12:36:08"
0.42,0,0,234.09,49.985,357.5,0,0,"2016-07-23 12:36:12"
0.41,0,0,233.8,50.025,357.1,0,0,"2016-07-23 12:36:16"
0.43,0,0,233.89,49.9375,354.6,0,0,"2016-07-23 12:36:20"
0.41,0,0,231.9,49.9725,358.6,0,0,"2016-07-23 12:36:24"
0.41,0,0,234.25,49.94,359.7,0,0,"2016-07-23 12:36:28"
0,0,0,234.2,50.0575,0,0,0,"2016-07-23 12:36:32"
0.41,0,0,234.49,49.96,359.9,0,0,"2016-07-23 12:36:36"
0.41,0,0,234.39,49.94,0.287,0,0,"2016-07-23 12:36:40"
0.42,0,0,234.32,50.0225,356.7,0,0,"2016-07-23 12:36:44"
0.42,0,0,234.34,50,355.6,0,0,"2016-07-23 12:36:48"
0.41,0,0,234.49,49.9975,358.5,0,0,"2016-07-23 12:36:52"
0.42,0,0,234.57,50.0075,359.7,0,0,"2016-07-23 12:36:56"
0.42,0,0,234.67,50.015,357.6,0,0,"2016-07-23 12:37:00"
0.41,0,0,234.67,49.8927,355.2,0,0,"2016-07-23 12:37:04"
0.42,0,0,234.63,50.0475,357.3,0,0,"2016-07-23 12:37:08"
0.42,0,0,234.64,49.9276,357.9,0,0,"2016-07-23 12:37:12"
0.42,0,0,232.16,49.965,356,0,0,"2016-07-23 12:37:16"
0.41,0,0,234.4,50.06,357.6,0,0,"2016-07-23 12:37:20"
0.43,0,0,234.41,50.1756,358,0,0,"2016-07-23 12:37:24"
0.42,0,0,234.53,49.945,352.1,0,0,"2016-07-23 12:37:28"
0.42,0,0,234.4,49.9051,357.8,0,0,"2016-07-23 12:37:32"
0.42,0.4,0,234.24,49.9625,357.8,0,0,"2016-07-23 12:37:36"
0.42,0,0,234.16,49.975,357.9,0,0,"2016-07-23 12:37:40"
0.42,0,0,232.7,49.8927,358.9,0,0,"2016-07-23 12:37:44"
0.41,0,0,234.35,49.985,358.4,0,0,"2016-07-23 12:37:48"
0.41,0,0,234.35,49.9226,355.3,0,0,"2016-07-23 12:37:52"
0.41,0,0,234.07,49.9226,359.8,0,0,"2016-07-23 12:37:56"
0.42,0,0,234.42,49.9625,357.9,0,0,"2016-07-23 12:38:00"
0.42,0,0,234.43,49.8977,358.4,0,0,"2016-07-23 12:38:04"
0.42,0,0,234.24,49.8902,357.3,0,0,"2016-07-23 12:38:08"
0.41,0,0,234.02,49.8231,356.6,0,0,"2016-07-23 12:38:12"
0.41,0,0,234.36,49.9076,358.3,0,0,"2016-07-23 12:38:16"
0.42,0,0,232.08,49.9251,356.7,0,0,"2016-07-23 12:38:20"
0.41,0,0,234.56,49.6179,357.7,0,0,"2016-07-23 12:38:24"
0.41,0,0,234.23,49.9201,13.17,0,0,"2016-07-23 12:38:28"
0.42,0,0,234.31,49.9525,357.8,0,0,"2016-07-23 12:38:32"
0.41,0,0,234.54,49.93,356.6,0,0,"2016-07-23 12:38:36"
0.42,0,0,234.54,50.015,358.2,0,0,"2016-07-23 12:38:40"
0.42,0,0,234.48,50.0075,358.7,0,0,"2016-07-23 12:38:44"
0.41,0,0,234.54,50.0325,356.8,0,0,"2016-07-23 12:38:48"
0.41,0,0,234.43,49.94,356.7,0,0,"2016-07-23 12:38:52"
0.42,0,0,232.57,49.8778,356.1,0,0,"2016-07-23 12:38:56"
0.42,0,0,234.4,49.8802,359.2,0,0,"2016-07-23 12:39:00"
0.42,0,0,234.55,49.9226,357,0,0,"2016-07-23 12:39:04"
0.42,0.37,0,234.39,50.0475,358.5,229.1,0,"2016-07-23 12:39:08"
0.42,0.33,0,233.63,49.985,359.1,0,0,"2016-07-23 12:39:12"
0.41,0.32,0,234.56,50.0375,357.2,229,0,"2016-07-23 12:39:16"
0.41,0.32,0,234.6,49.9925,357.2,0,0,"2016-07-23 12:39:20"
0.41,0.33,0,234.43,50.035,357.7,227.8,0,"2016-07-23 12:39:24"
0.41,0.33,0,232.33,49.9325,355.7,228.9,0,"2016-07-23 12:39:28"
0.42,0.33,0,234.41,49.9201,358.7,229.3,0,"2016-07-23 12:39:32"
0.41,0.32,0,234.47,49.9949,357.4,230.7,0,"2016-07-23 12:39:36"
0.41,0.33,0,234.38,50.055,354.4,231.1,0,"2016-07-23 12:39:40"
0.42,0,0,234.23,49.95,359.8,0,0,"2016-07-23 12:39:44"
0.42,0,0,234.34,49.8977,356.4,0,0,"2016-07-23 12:39:48"
0.41,0.33,0,234.33,49.8603,354.7,231.1,0,"2016-07-23 12:39:52"
0.42,0.32,0,233.79,49.9101,356.8,230.2,0,"2016-07-23 12:39:56"
0.42,0.32,0,234.42,50.1429,356.6,0,0,"2016-07-23 12:40:00"
0.42,0.32,0,234.28,49.9475,358.9,227.4,0,"2016-07-23 12:40:04"
0.41,0,0,234.25,49.9251,356.1,0,0,"2016-07-23 12:40:08"
0.41,0,0,234.27,50.1027,357,0,0,"2016-07-23 12:40:12"
0.43,0.32,0,232.52,49.985,358.4,0,0,"2016-07-23 12:40:16"
0.42,0.33,0,234.08,50.0425,357.9,0,0,"2016-07-23 12:40:20"
0,0.33,0,233.98,50.0125,0,229.9,0,"2016-07-23 12:40:24"
0.43,0,0,233.76,49.9026,358.1,0,0,"2016-07-23 12:40:28"
0.42,0.32,0,233.87,49.9975,359,232.6,0,"2016-07-23 12:40:32"
0.41,0.32,0,234.04,50.045,11.01,0,0,"2016-07-23 12:40:36"
0.42,0.31,0,234.26,50.0024,357.1,0,0,"2016-07-23 12:40:40"
0.42,0.33,0,234.38,49.93,357.7,229.4,0,"2016-07-23 12:40:44"
0.41,0.32,0,234.53,50.0225,357.6,0,0,"2016-07-23 12:40:48"
0.42,0.32,0,234.31,49.9251,356.2,231.8,0,"2016-07-23 12:40:52"
0.41,0.33,0,234.32,49.96,356.5,231.8,0,"2016-07-23 12:40:56"
0.42,0.32,0,234.2,49.97,358,0,0,"2016-07-23 12:41:00"
0.42,0.32,0,234.25,50.035,358.4,0,0,"2016-07-23 12:41:04"
0,0,0,235.2,50.0024,0,0,0,"2016-07-23 12:41:08"
0,0,0,235.13,49.99,0,0,0,"2016-07-23 12:41:12"
0,0.35,0,235.15,49.9226,0,0,0,"2016-07-23 12:41:16"
0,0,0,235.32,49.9101,0,0,0,"2016-07-23 12:41:20"
0,0,0,234.25,50.0375,0,0,0,"2016-07-23 12:41:24"
0,0,0,235.29,49.9925,0,0,0,"2016-07-23 12:41:28"
0,0,0,235.33,49.9375,0,0,0,"2016-07-23 12:41:32"
0,0,0,235.04,49.9251,0,0,0,"2016-07-23 12:41:36"
0,0,0,235.01,49.975,0,0,0,"2016-07-23 12:41:40"
0,0,0,234.87,50.0175,0,0,0,"2016-07-23 12:41:44"
0,0,0,234.97,49.9151,0,0,0,"2016-07-23 12:41:48"
0,0,0,234.44,50.065,0,0,0,"2016-07-23 12:41:52"
0,0,0,234.67,49.8628,0,0,0,"2016-07-23 12:41:56"
0,0,0,234.95,49.9375,0,0,0,"2016-07-23 12:42:00"
0,0,0,235.04,49.945,0,0,0,"2016-07-23 12:42:04"
0,0,0,234.68,49.9176,0,0,0,"2016-07-23 12:42:08"
0,0,0,235.05,50.0475,0,0,0,"2016-07-23 12:42:12"
0,0,0,235.16,49.9251,0,0,0,"2016-07-23 12:42:16"
0,0,0,234.93,49.8529,0,0,0,"2016-07-23 12:42:20"
0,0,0,234.49,49.9051,0,0,0,"2016-07-23 12:42:24"
0,0,0,234.88,49.8156,0,0,0,"2016-07-23 12:42:28"
0,0,0,234.87,50.035,0,0,0,"2016-07-23 12:42:32"
0,0,0,234.83,50.0024,0,0,0,"2016-07-23 12:42:36"
0,0,0,234.28,49.9675,0,0,0,"2016-07-23 12:42:40"
0,0,0,235.09,49.9101,0,0,0,"2016-07-23 12:42:44"
0,0,0,235.15,49.9925,0,0,0,"2016-07-23 12:42:48"
0,0,0,234.81,49.935,0,0,0,"2016-07-23 12:42:52"
0,0,0,234.45,50.0726,0,0,0,"2016-07-23 12:42:56"
0,0,0,231.79,49.935,0,0,0,"2016-07-23 12:43:00"
0,0,0,234.35,50.0125,0,0,0,"2016-07-23 12:43:04"
0,0,0,234.1,49.9475,0,0,0,"2016-07-23 12:43:08"
0,0,0,234.63,50.0801,0,0,0,"2016-07-23 12:43:12"
0,0,0,234.6,49.8778,0,0,0,"2016-07-23 12:43:16"
0,0,0,235.07,49.985,0,0,0,"2016-07-23 12:43:20"
0,0,0,235.05,49.9675,0,0,0,"2016-07-23 12:43:24"
0,0,0,235.04,50.055,0,0,0,"2016-07-23 12:43:28"
0,0,0,235.39,50.055,0,0,0,"2016-07-23 12:43:32"
0,0,0,232.85,49.9575,0,0,0,"2016-07-23 12:43:36"
0,0,0,235.22,50.0175,0,0,0,"2016-07-23 12:43:40"
0,0,0,235.19,49.9825,0,0,0,"2016-07-23 12:43:44"
0,0,0,235.3,50.0851,0,0,0,"2016-07-23 12:43:48"
0,0,0,235.15,50.2335,0,0,0,"2016-07-23 12:43:52"
0,0,0,235.46,50.01,0,0,0,"2016-07-23 12:43:56"
0,0,0,235.25,50.035,0,0,0,"2016-07-23 12:44:00"
0,0,0,235.1,49.9525,0,0,0,"2016-07-23 12:44:04"
0,0,0,235.4,50.0275,0,0,0,"2016-07-23 12:44:08"
0,0,0,235.48,50.02,0,0,0,"2016-07-23 12:44:12"
0,0,0,235.23,50.015,0,0,0,"2016-07-23 12:44:16"
0,0,0,235.38,50.0726,0,0,0,"2016-07-23 12:44:20"
0,0,0,235.22,49.98,0,0,0,"2016-07-23 12:44:24"
0,0,0,234.98,50.0225,0,0,0,"2016-07-23 12:44:28"
0,0,0,235.54,50.0726,0,0,0,"2016-07-23 12:44:32"
0,0,0,235.38,50.1278,0,0,0,"2016-07-23 12:44:36"
0,0,0,235.37,49.9875,0,0,0,"2016-07-23 12:44:40"
0,0,0,235.37,50.005,0,0,0,"2016-07-23 12:44:44"
0,0,0,235.28,50.0475,0,0,0,"2016-07-23 12:44:48"
0,0,0,235.15,50.1303,0,0,0,"2016-07-23 12:44:52"
0,0,0,235.43,50.0125,0,0,0,"2016-07-23 12:44:56"
0,0,0,235.35,50.0876,0,0,0,"2016-07-23 12:45:00"
0,0,0,235.05,50.0325,0,0,0,"2016-07-23 12:45:04"
0,0,0,234.96,50.0726,0,0,0,"2016-07-23 12:45:08"
0,0,0,235.26,50.07,0,0,0,"2016-07-23 12:45:12"
0,0,0,235.08,50.0425,0,0,0,"2016-07-23 12:45:16"
0,0,0,235.02,50.2159,0,0,0,"2016-07-23 12:45:20"
0,0,0,234.93,50.0801,0,0,0,"2016-07-23 12:45:24"
0,0,0,235.26,50.1077,0,0,0,"2016-07-23 12:45:28"
0,0,0,235.32,50.06,0,0,0,"2016-07-23 12:45:32"
0,0,0,235.56,50.0475,0,0,0,"2016-07-23 12:45:36"
0,0,0,235.77,50.0751,0,0,0,"2016-07-23 12:45:40"
0,0,0,235.42,50.0751,0,0,0,"2016-07-23 12:45:44"
0,0,0,235.33,50.0776,0,0,0,"2016-07-23 12:45:48"
0,0,0,235.65,50.0776,0,0,0,"2016-07-23 12:45:52"
0,0,0,235.52,50.02,0,0,0,"2016-07-23 12:45:56"
0,0,0,235.74,50.05,0,0,0,"2016-07-23 12:46:00"
0,0,0,235.57,50.06,0,0,0,"2016-07-23 12:46:04"
0,0,0,235.49,50.1027,0,0,0,"2016-07-23 12:46:08"
0,0,0,235.7,50.0801,0,0,0,"2016-07-23 12:46:12"
0,0,0,235.44,50.0901,0,0,0,"2016-07-23 12:46:16"
0,0,0,235.46,50.01,0,0,0,"2016-07-23 12:46:20"
0,0,0,235.29,50.0851,0,0,0,"2016-07-23 12:46:24"
0,0,0,235.54,50.1177,0,0,0,"2016-07-23 12:46:28"
0,0,0,235.47,50.06,0,0,0,"2016-07-23 12:46:32"
0,0,0,235.2,50.0926,0,0,0,"2016-07-23 12:46:36"
0,0,0,235.32,50.0525,0,0,0,"2016-07-23 12:46:40"
0,0,0,235.44,50.07,0,0,0,"2016-07-23 12:46:44"
0,0,0,235.93,50.07,0,0,0,"2016-07-23 12:46:48"
0,0,0,235.71,50.1077,0,0,0,"2016-07-23 12:46:52"
0,0,0,235.49,50.0826,0,0,0,"2016-07-23 12:46:56"
0,0,0,235.72,50.1454,0,0,0,"2016-07-23 12:47:00"
0,0,0,235.38,50.1052,0,0,0,"2016-07-23 12:47:05"
0,0,0,235.33,49.9975,0,0,0,"2016-07-23 12:47:08"
0,0,0,235.22,50.0751,0,0,0,"2016-07-23 12:47:12"
0,0,0,235.35,50.1202,0,0,0,"2016-07-23 12:47:16"
0,0,0,235.44,50.1102,0,0,0,"2016-07-23 12:47:20"
0,0,0,235.14,50.0175,0,0,0,"2016-07-23 12:47:24"
0,0,0,235.06,50.1202,0,0,0,"2016-07-23 12:47:28"
0,0,0,235.2,50.1781,0,0,0,"2016-07-23 12:47:32"
0,0,0,235.57,50.1152,0,0,0,"2016-07-23 12:47:36"
0,0,0,235.59,50.0826,0,0,0,"2016-07-23 12:47:40"
0,0,0,235.5,50.0325,0,0,0,"2016-07-23 12:47:44"
0,0,0,235.84,50.1278,0,0,0,"2016-07-23 12:47:48"
0,0,0,235.73,50.1529,0,0,0,"2016-07-23 12:47:52"
0,0,0,235.54,50.1127,0,0,0,"2016-07-23 12:47:56"
0,0,0,235.81,50.06,0,0,0,"2016-07-23 12:48:00"
0,0,0,235.84,50.1705,0,0,0,"2016-07-23 12:48:04"
0,0,0,235.58,50.1278,0,0,0,"2016-07-23 12:48:08"
0,0,0,235.79,50.1328,0,0,0,"2016-07-23 12:48:12"
0,0,0,235.68,50.0375,0,0,0,"2016-07-23 12:48:16"
0,0,0,235.65,50.1052,0,0,0,"2016-07-23 12:48:20"
0,0,0,235.71,50.1027,0,0,0,"2016-07-23 12:48:24"
0,0,0,235.63,50.1077,0,0,0,"2016-07-23 12:48:28"
0,0,0,235.78,50.1504,0,0,0,"2016-07-23 12:48:32"
0,0,0,235.84,50.0951,0,0,0,"2016-07-23 12:48:36"
0,0,0,235.86,50.07,0,0,0,"2016-07-23 12:48:40"
0,0,0,235.62,50.1077,0,0,0,"2016-07-23 12:48:44"
0,0,0,236.2,50.0776,0,0,0,"2016-07-23 12:48:48"
0,0,0,235.91,50.0726,0,0,0,"2016-07-23 12:48:52"
0,0,0,235.64,50.1202,0,0,0,"2016-07-23 12:48:56"
0,0,0,235.48,50.1605,0,0,0,"2016-07-23 12:49:00"
0,0,0,235.59,50.0851,0,0,0,"2016-07-23 12:49:04"
0,0,0,235.46,50.1932,0,0,0,"2016-07-23 12:49:08"
0,0,0,235.61,50.07,0,0,0,"2016-07-23 12:49:12"
0,0,0,235.83,50.1655,0,0,0,"2016-07-23 12:49:16"
0,0,0,236.02,50.2134,0,0,0,"2016-07-23 12:49:20"
0,0.39,0,235.99,50.1253,0,0,0,"2016-07-23 12:49:24"
0,0,0,236.13,50.0876,0,0,0,"2016-07-23 12:49:28"
0,0,0,236.05,50.1002,0,0,0,"2016-07-23 12:49:32"
0,0,0,236.06,50.1353,0,0,0,"2016-07-23 12:49:36"
0,0,0,236.08,50.0801,0,0,0,"2016-07-23 12:49:40"
0,0.42,0,235.94,50.1756,0,0,0,"2016-07-23 12:49:44"
0,0,0,236.36,50.163,0,0,0,"2016-07-23 12:49:48"
0,0,0,236.39,50.0801,0,0,0,"2016-07-23 12:49:52"
0,0,0,236.48,50.07,0,0,0,"2016-07-23 12:49:56"
0,0,0,236.91,50.0525,0,0,0,"2016-07-23 12:50:00"
0,0,0,236.48,50.015,0,0,0,"2016-07-23 12:50:04"
0,0,0,236.43,50.1705,0,0,0,"2016-07-23 12:50:08"
0,0,0,236.39,50.1002,0,0,0,"2016-07-23 12:50:20"
0,0,0,236.7,50.1605,0,0,0,"2016-07-23 12:50:23"
0,0,0,236.41,50.0726,0,0,0,"2016-07-23 12:50:27"
0,0,0,236.33,50.0951,0,0,0,"2016-07-23 12:50:31"
0,0,0,236.5,50.1328,0,0,0,"2016-07-23 12:50:35"
0,0,0,236.45,47.7099,0,0,0,"2016-07-23 12:50:39"
0,0,0,236.4,47.7874,0,0,0,"2016-07-23 12:50:43"
0,0,0,236.63,50.3195,0,0,0,"2016-07-23 12:50:47"
0,0,0,236.56,50.226,0,0,0,"2016-07-23 12:50:51"
0,0,0,236.56,50.0801,0,0,0,"2016-07-23 12:50:55"
0,0,0,236.29,50.1127,0,0,0,"2016-07-23 12:50:59"
0,0,0,236.48,50.1052,0,0,0,"2016-07-23 12:51:03"
0,0,0,236.05,50.1705,0,0,0,"2016-07-23 12:51:07"
0,0,0,236.39,50.025,0,0,0,"2016-07-23 12:51:11"
0,0,0,236.54,50.2008,0,0,0,"2016-07-23 12:51:15"
0,0,0,236.44,50.163,0,0,0,"2016-07-23 12:51:19"
0,0,0,236.43,50.1378,0,0,0,"2016-07-23 12:51:23"
0,0,0,236.37,50.2487,0,0,0,"2016-07-23 12:51:27"
0,0,0,236.57,50.1429,0,0,0,"2016-07-23 12:51:31"
0,0,0,236.59,50.1429,0,0,0,"2016-07-23 12:51:36"
0,0,0,236.28,50.1756,0,0,0,"2016-07-23 12:51:40"
0,0,0,236.49,50.1353,0,0,0,"2016-07-23 12:51:44"
0,0,0,236.6,50.355,0,0,0,"2016-07-23 12:51:48"
0,0,0,236.52,50.0901,0,0,0,"2016-07-23 12:51:52"
0,0,0,236.48,50.173,0,0,0,"2016-07-23 12:51:56"
0,0,0,236.63,50.2184,0,0,0,"2016-07-23 12:52:00"
0,0,0,236.56,50.1605,0,0,0,"2016-07-23 12:52:04"
0,0,0,236.49,50.0625,0,0,0,"2016-07-23 12:52:08"
0,0,0,236.66,50.0726,0,0,0,"2016-07-23 12:52:12"
0,0,0,236.3,50.2462,0,0,0,"2016-07-23 12:52:16"
0,0,0,236.41,50.1705,0,0,0,"2016-07-23 12:52:20"
0,0,0,236.82,50.1554,0,0,0,"2016-07-23 12:52:24"
0,0,0,236.85,50.1932,0,0,0,"2016-07-23 12:52:28"
0,0,0,236.9,50.1152,0,0,0,"2016-07-23 12:52:32"
0,0,0,237.19,50.173,0,0,0,"2016-07-23 12:52:36"
0,0,0,236.9,50.1856,0,0,0,"2016-07-23 12:52:40"
0,0.38,0,237.05,50.0826,0,0,0,"2016-07-23 12:52:44"
0,0,0,237.05,50.2411,0,0,0,"2016-07-23 12:52:48"
0,0,0,236.91,50.1052,0,0,0,"2016-07-23 12:52:52"
0,0,0,237.02,50.1831,0,0,0,"2016-07-23 12:52:56"
0,0,0,237.46,50.163,0,0,0,"2016-07-23 12:53:00"
0,0.41,0,237.03,50.0575,0,0,0,"2016-07-23 12:53:04"
0,0,0,237.02,50.1705,0,0,0,"2016-07-23 12:53:08"
0,0,0,237.19,50.0751,0,0,0,"2016-07-23 12:53:12"
0,0,0,236.96,50.1378,0,0,0,"2016-07-23 12:53:16"
0,0,0,237.03,50.1102,0,0,0,"2016-07-23 12:53:20"
0,0,0,237.16,50.0826,0,0,0,"2016-07-23 12:53:24"
0,0,0,237.62,50.1957,0,0,0,"2016-07-23 12:53:28"
0,0,0,237.18,50.163,0,0,0,"2016-07-23 12:53:32"
0,0,0,237.2,50.0851,0,0,0,"2016-07-23 12:53:36"
0,0,0,237,50.0901,0,0,0,"2016-07-23 12:53:40"
0,0,0,236.87,50.168,0,0,0,"2016-07-23 12:53:44"
0,0,0,236.99,50.0675,0,0,0,"2016-07-23 12:53:48"
0,0,0,236.97,50.07,0,0,0,"2016-07-23 12:53:52"
0,0,0,237.09,50.1052,0,0,0,"2016-07-23 12:53:56"
0,0,0,237.25,50.2058,0,0,0,"2016-07-23 12:54:00"
0,0,0,236.91,50.0801,0,0,0,"2016-07-23 12:54:04"
0,0,0,237.11,50.0375,0,0,0,"2016-07-23 12:54:08"
0,0,0,237.09,50.0801,0,0,0,"2016-07-23 12:54:12"
0,0,0,237.39,50.2841,0,0,0,"2016-07-23 12:54:16"
0,0,0,237.55,50,0,0,0,"2016-07-23 12:54:20"
0,0,0,237.62,50.0876,0,0,0,"2016-07-23 12:54:24"
0,0,0,237.67,50.055,0,0,0,"2016-07-23 12:54:28"
0,0,0,237.49,50.1882,0,0,0,"2016-07-23 12:54:32"
0,0,0,237.68,50.03,0,0,0,"2016-07-23 12:54:36"
0,0,0,237.73,50.2361,0,0,0,"2016-07-23 12:54:41"
0,0,0,237.86,50.1454,0,0,0,"2016-07-23 12:54:44"
0,0,0,237.97,50.0475,0,0,0,"2016-07-23 12:54:48"
0,0,0,237.65,50.1177,0,0,0,"2016-07-23 12:54:52"
0,0,0,237.7,50.0675,0,0,0,"2016-07-23 12:54:56"
0,0,0,237.57,50.0675,0,0,0,"2016-07-23 12:55:01"
0,0,0,237.44,50.1027,0,0,0,"2016-07-23 12:55:05"
0,0,0,237.77,50.06,0,0,0,"2016-07-23 12:55:09"
0,0,0,237.92,50.1403,0,0,0,"2016-07-23 12:55:13"
0,0,0,237.46,50.0801,0,0,0,"2016-07-23 12:55:17"
0,0,0,237.83,50.045,0,0,0,"2016-07-23 12:55:21"
0,0,0,237.85,50.05,0,0,0,"2016-07-23 12:55:25"
0,0,0,237.45,50.0175,0,0,0,"2016-07-23 12:55:29"
0,0,0,237.47,50.2008,0,0,0,"2016-07-23 12:55:33"
0,0,0,237.93,50.0625,0,0,0,"2016-07-23 12:55:37"
0,0,0,237.77,50.1504,0,0,0,"2016-07-23 12:55:41"
0,0,0,237.75,50.1253,0,0,0,"2016-07-23 12:55:45"
0,0,0,237.71,50.0976,0,0,0,"2016-07-23 12:55:49"
0,0,0,238.19,50.1002,0,0,0,"2016-07-23 12:55:53"
0,0,0,238.24,50.0675,0,0,0,"2016-07-23 12:55:57"
0,0,0,238.07,50.1052,0,0,0,"2016-07-23 12:56:01"
0,0,0,238.3,50.0175,0,0,0,"2016-07-23 12:56:05"
0,0,0,238.1,50.0625,0,0,0,"2016-07-23 12:56:09"
0,0,0,237.98,50.025,0,0,0,"2016-07-23 12:56:13"
0,0,0,238.03,50.1102,0,0,0,"2016-07-23 12:56:17"
0,0,0,238.17,50.045,0,0,0,"2016-07-23 12:56:21"
0,0,0,238.06,49.975,0,0,0,"2016-07-23 12:56:25"
0,0,0,238.35,50.1228,0,0,0,"2016-07-23 12:56:29"
0,0,0,238.22,50.02,0,0,0,"2016-07-23 12:56:33"
0,0,0,238.11,50.0801,0,0,0,"2016-07-23 12:56:37"
0,0,0,238.09,50.03,0,0,0,"2016-07-23 12:56:41"
0,0,0,238.05,50.04,0,0,0,"2016-07-23 12:56:45"
0,0,0,238.24,50.0475,0,0,0,"2016-07-23 12:56:49"
0,0,0,238.21,50.2841,0,0,0,"2016-07-23 12:56:53"
0,0,0,238.3,50.0926,0,0,0,"2016-07-23 12:56:57"
0,0,0,238.46,50.2108,0,0,0,"2016-07-23 12:57:01"
0,0,0,238.14,50.173,0,0,0,"2016-07-23 12:57:05"
0,0,0,237.97,50.1102,0,0,0,"2016-07-23 12:57:09"
0,0,0,238.18,50.1504,0,0,0,"2016-07-23 12:57:13"
0,0,0,237.83,50.0876,0,0,0,"2016-07-23 12:57:17"
0,0,0,237.76,50.1102,0,0,0,"2016-07-23 12:57:21"
0,0,0,238.08,50.1353,0,0,0,"2016-07-23 12:57:25"
0,0,0,238.14,50.1429,0,0,0,"2016-07-23 12:57:29"
0,0,0,238.32,50.1202,0,0,0,"2016-07-23 12:57:33"
0,0,0,238.36,50.1202,0,0,0,"2016-07-23 12:57:37"
0,0,0,238.3,50.1605,0,0,0,"2016-07-23 12:57:41"
0,0,0,238.13,50.0726,0,0,0,"2016-07-23 12:57:45"
0,0,0,237.84,50.0976,0,0,0,"2016-07-23 12:57:49"
0,0,0,238.23,50.0675,0,0,0,"2016-07-23 12:57:53"
0,0,0,238.4,50.0275,0,0,0,"2016-07-23 12:57:57"
0,0,0,238.61,50.1403,0,0,0,"2016-07-23 12:58:01"
0,0,0,238.31,50.0876,0,0,0,"2016-07-23 12:58:05"
0,0,0,238.61,50.0851,0,0,0,"2016-07-23 12:58:09"
0,0,0,238.7,50.1077,0,0,0,"2016-07-23 12:58:13"
0,0,0,238.62,50.168,0,0,0,"2016-07-23 12:58:17"
0,0,0,238.62,50.0325,0,0,0,"2016-07-23 12:58:21"
0,0,0,238.83,50.1228,0,0,0,"2016-07-23 12:58:25"
0,0,0,238.91,50.0525,0,0,0,"2016-07-23 12:58:29"
0,0,0,238.92,50.1932,0,0,0,"2016-07-23 12:58:33"
0,0,0,238.65,50.0851,0,0,0,"2016-07-23 12:58:37"
0,0,0,238.31,50.2209,0,0,0,"2016-07-23 12:58:41"
0,0,0,238.74,50.1429,0,0,0,"2016-07-23 12:58:45"
0,0,0,238.58,50.1278,0,0,0,"2016-07-23 12:58:49"
0,0,0,238.67,50.0851,0,0,0,"2016-07-23 12:58:53"
0,0,0,238.65,50.1403,0,0,0,"2016-07-23 12:58:57"
0,0,0,238.52,50.168,0,0,0,"2016-07-23 12:59:01"
0,0,0,238.98,50.0876,0,0,0,"2016-07-23 12:59:05"
0,0,0,238.9,50.1429,0,0,0,"2016-07-23 12:59:09"
0,0,0,239.11,50.0951,0,0,0,"2016-07-23 12:59:13"
0,0,0,238.9,47.7235,0,0,0,"2016-07-23 12:59:17"
0,0,0,238.94,50.0851,0,0,0,"2016-07-23 12:59:21"
0,0,0,239.12,50.2134,0,0,0,"2016-07-23 12:59:25"
0,0,0,239.07,50.045,0,0,0,"2016-07-23 12:59:29"
0,0,0,239.15,50.1378,0,0,0,"2016-07-23 12:59:33"
0,0,0,239.28,50.1882,0,0,0,"2016-07-23 12:59:37"
0,0,0,239.41,50.02,0,0,0,"2016-07-23 12:59:41"
0,0,0,239.17,49.9975,0,0,0,"2016-07-23 12:59:45"
0,0.4,0,239.58,50.0625,0,0,0,"2016-07-23 12:59:49"
0,0,0,239.57,50.1202,0,0,0,"2016-07-23 12:59:53"
0,0,0,239.24,50.0876,0,0,0,"2016-07-23 12:59:57"
0,0,0,239.48,50.0625,0,0,0,"2016-07-23 13:00:01"
0,0,0,239.4,50.0851,0,0,0,"2016-07-23 13:00:05"
0,0,0,239.5,50.1228,0,0,0,"2016-07-23 13:00:09"
0,0,0,239.34,50.2184,0,0,0,"2016-07-23 13:00:13"
0,0,0,239.4,50.4693,0,0,0,"2016-07-23 13:00:17"
0,0,0,239.67,50.1831,0,0,0,"2016-07-23 13:00:21"
0,0,0,239.85,50.0926,0,0,0,"2016-07-23 13:00:25"
0,0,0,239.62,50.025,0,0,0,"2016-07-23 13:00:29"
0,0,0,239.67,50.1403,0,0,0,"2016-07-23 13:00:33"
0,0,0,239.95,50.1378,0,0,0,"2016-07-23 13:00:37"
0,0,0,239.82,50.1102,0,0,0,"2016-07-23 13:00:41"
0,0,0,239.96,50.1957,0,0,0,"2016-07-23 13:00:49"
0,0,0,239.82,50.1253,0,0,0,"2016-07-23 13:00:53"
0,0,0,240.32,50.1328,0,0,0,"2016-07-23 13:00:57"
0,0.47,0,240.19,50.0851,0,0,0,"2016-07-23 13:01:01"
0,0,0,240.52,50.1454,0,0,0,"2016-07-23 13:01:05"
0,0,0,240.36,50.1831,0,0,0,"2016-07-23 13:01:09"
0,0,0,240.37,50.168,0,0,0,"2016-07-23 13:01:13"
0,0,0,240.44,50.173,0,0,0,"2016-07-23 13:01:17"
0,0,0,240.72,50.1027,0,0,0,"2016-07-23 13:01:21"
0,0,0,240.25,50.2008,0,0,0,"2016-07-23 13:01:25"
0,0,0,240.23,50.1278,0,0,0,"2016-07-23 13:01:29"
0,0,0,240.29,50.2184,0,0,0,"2016-07-23 13:01:33"
0,0,0,240.54,50.2714,0,0,0,"2016-07-23 13:01:37"
0,0,0,240.69,50.2411,0,0,0,"2016-07-23 13:01:41"
0,0,0,240.58,50.1504,0,0,0,"2016-07-23 13:01:45"
0,0,0,240.69,50.1403,0,0,0,"2016-07-23 13:01:49"
0,0,0,241.1,50.1403,0,0,0,"2016-07-23 13:01:53"
0,0,0,241.06,50.3854,0,0,0,"2016-07-23 13:01:57"
0,0,0,241.15,50.3397,0,0,0,"2016-07-23 13:02:01"
0,0,0,240.99,50.1429,0,0,0,"2016-07-23 13:02:05"
0,0,0,241.07,50.322,0,0,0,"2016-07-23 13:02:09"
0,0,0,240.95,50.1328,0,0,0,"2016-07-23 13:02:13"
0,0,0,240.99,50.1957,0,0,0,"2016-07-23 13:02:17"
0,0,0,240.52,50.1932,0,0,0,"2016-07-23 13:02:21"
0,0,0,240.66,50.173,0,0,0,"2016-07-23 13:02:25"
0,0,0,240.46,50.1353,0,0,0,"2016-07-23 13:02:29"
0,0,0,240.6,50.173,0,0,0,"2016-07-23 13:02:33"
0,0,0,240.53,50.2184,0,0,0,"2016-07-23 13:02:37"
0,0,0,240.6,50.1579,0,0,0,"2016-07-23 13:02:41"
0,0,0,240.61,50.1529,0,0,0,"2016-07-23 13:02:45"
0,0,0,240.82,50.3169,0,0,0,"2016-07-23 13:02:49"
0,0,0,240.51,50.1781,0,0,0,"2016-07-23 13:02:53"
0,0,0,240.73,50.2765,0,0,0,"2016-07-23 13:02:57"
0,0,0,240.98,50.2234,0,0,0,"2016-07-23 13:03:01"
0,0,0,240.61,50.1303,0,0,0,"2016-07-23 13:03:05"
0,0,0,240.82,50.1202,0,0,0,"2016-07-23 13:03:09"
0,0,0,240.73,50.1152,0,0,0,"2016-07-23 13:03:13"
0,0,0,240.6,50.1052,0,0,0,"2016-07-23 13:03:17"
0,0,0,240.81,50.2209,0,0,0,"2016-07-23 13:03:21"
0,0,0,240.92,50.2411,0,0,0,"2016-07-23 13:03:25"
0,0,0,240.82,50.1655,0,0,0,"2016-07-23 13:03:29"
0,0,0,241.08,50.2815,0,0,0,"2016-07-23 13:03:33"
0,0,0,241.14,50.1479,0,0,0,"2016-07-23 13:03:37"
0,0,0,241.14,50.1982,0,0,0,"2016-07-23 13:03:41"
0,0,0,241.2,50.393,0,0,0,"2016-07-23 13:03:45"
0,0,0,241.24,50.2134,0,0,0,"2016-07-23 13:03:49"
0,0,0,241.47,50.2209,0,0,0,"2016-07-23 13:03:53"
0,0,0,241.32,50.2841,0,0,0,"2016-07-23 13:03:57"
0,0,0,241.58,50.1504,0,0,0,"2016-07-23 13:04:01"
0,0,0,241.46,50.1655,0,0,0,"2016-07-23 13:04:05"
0,0.35,0,241.56,50.1705,0,0,0,"2016-07-23 13:04:09"
0,0,0,241.66,50.2159,0,0,0,"2016-07-23 13:04:13"
0,0,0,241.55,50.07,0,0,0,"2016-07-23 13:04:17"
0,0.38,0,241.36,50.168,0,0,0,"2016-07-23 13:04:21"
0,0,0,241.79,50.2008,0,0,0,"2016-07-23 13:04:25"
0,0,0,241.72,50.3473,0,0,0,"2016-07-23 13:04:29"
0,0,0,241.52,50.2134,0,0,0,"2016-07-23 13:04:33"
0,0,0,241.77,50.1127,0,0,0,"2016-07-23 13:04:37"
0,0,0,241.77,50.1152,0,0,0,"2016-07-23 13:04:41"
0,0,0,241.5,50.1403,0,0,0,"2016-07-23 13:04:45"
0,0,0,241.84,50.3473,0,0,0,"2016-07-23 13:04:49"
0,0,0,241.57,50.0901,0,0,0,"2016-07-23 13:04:53"
0,0,0,241.23,50.3372,0,0,0,"2016-07-23 13:04:57"
0,0,0,241.43,50.1202,0,0,0,"2016-07-23 13:05:01"
0,0,0,241.37,50.163,0,0,0,"2016-07-23 13:05:05"
0,0,0,241.5,50.163,0,0,0,"2016-07-23 13:05:09"
0,0,0,241.92,50.1806,0,0,0,"2016-07-23 13:05:13"
0,0,0,241.86,50.163,0,0,0,"2016-07-23 13:05:17"
0,0,0,241.69,50.2891,0,0,0,"2016-07-23 13:05:21"
0,0,0,241.56,50.2285,0,0,0,"2016-07-23 13:05:25"
0,0,0,241.65,50.2841,0,0,0,"2016-07-23 13:05:29"
0,0,0,241.51,50.1856,0,0,0,"2016-07-23 13:05:33"
0,0,0,242.18,49.8554,0,0,0,"2016-07-23 13:05:37"
0,0,0,241.94,50.2234,0,0,0,"2016-07-23 13:05:41"
0,0,0,241.62,50.1328,0,0,0,"2016-07-23 13:05:45"
0,0,0,241.56,50.1403,0,0,0,"2016-07-23 13:05:49"
0,0,0,242.1,50.1378,0,0,0,"2016-07-23 13:05:53"
0,0,0,241.83,50.2184,0,0,0,"2016-07-23 13:05:57"
0,0,0,241.94,50.2159,0,0,0,"2016-07-23 13:06:01"
0,0,0,241.71,50.3043,0,0,0,"2016-07-23 13:06:05"
0,0,0,241.94,50.1856,0,0,0,"2016-07-23 13:06:09"
0,0,0,242.06,50.2159,0,0,0,"2016-07-23 13:06:13"
0,0,0,242.28,50.1353,0,0,0,"2016-07-23 13:06:17"
0,0,0,241.97,50.279,0,0,0,"2016-07-23 13:06:21"
0,0,0,242.11,50.1982,0,0,0,"2016-07-23 13:06:25"
0,0,0,242.45,50.1177,0,0,0,"2016-07-23 13:06:29"
0,0,0,241.85,50.2386,0,0,0,"2016-07-23 13:06:33"
0,0,0,241.91,50.1957,0,0,0,"2016-07-23 13:06:37"
0,0,0,241.48,50.1353,0,0,0,"2016-07-23 13:06:41"
0,0,0,241.73,50.1957,0,0,0,"2016-07-23 13:06:45"
0,0,0,241.9,50.2209,0,0,0,"2016-07-23 13:06:49"
0,0,0,241.87,50.2462,0,0,0,"2016-07-23 13:06:53"
0,0,0,242.18,50.168,0,0,0,"2016-07-23 13:06:57"
0,0,0,242.44,50.1655,0,0,0,"2016-07-23 13:07:01"
0,0,0,242.11,50.2033,0,0,0,"2016-07-23 13:07:05"
0,0,0,241.91,50.0826,0,0,0,"2016-07-23 13:07:09"
0,0,0,241.94,50.1253,0,0,0,"2016-07-23 13:07:13"
0,0,0,242,50.2638,0,0,0,"2016-07-23 13:07:17"
0,0,0,241.84,50.2689,0,0,0,"2016-07-23 13:07:21"
0,0,0,241.94,50.1253,0,0,0,"2016-07-23 13:07:25"
0,0.35,0,241.77,50.1303,0,0,0,"2016-07-23 13:07:29"
0,0,0,241.99,50.173,0,0,0,"2016-07-23 13:07:33"
0,0,0,242.13,50.2033,0,0,0,"2016-07-23 13:07:37"
0,0,0,0,0,0,0,0,"2016-07-23 12:26:47"
0,0,0,238.98,50.035,0,0,0,"2016-07-23 12:26:51"
0,0,0,239.21,50.0801,0,0,0,"2016-07-23 12:26:55"
0,0,0,239.02,50.05,0,0,0,"2016-07-23 12:26:59"
0,0,0,239.14,49.9675,0,0,0,"2016-07-23 12:27:04"
0,0,0,239.07,50.0125,0,0,0,"2016-07-23 12:27:08"
0,0,0,239,49.9775,0,0,0,"2016-07-23 12:27:12"
0,0,0,238.78,50.0375,0,0,0,"2016-07-23 12:27:16"
0,0,0,238.65,50.3271,0,0,0,"2016-07-23 12:27:20"
0,0,0,238.69,50.2108,0,0,0,"2016-07-23 12:27:24"
0,0,0,238.55,49.9775,0,0,0,"2016-07-23 12:27:28"
0.43,0,0,237.81,50.1253,357.2,0,0,"2016-07-23 12:27:32"
0.42,0,0,237.94,50.02,353.8,0,0,"2016-07-23 12:27:36"
0.42,0,0,238.04,49.8827,356.2,0,0,"2016-07-23 12:27:40"
0.42,0,0,237.95,50.2134,354.4,0,0,"2016-07-23 12:27:44"
0.42,0,0,237.97,50.0175,359,0,0,"2016-07-23 12:27:48"
0.42,0,0,237.92,49.98,355.6,0,0,"2016-07-23 12:27:52"
0.41,0,0,238.1,50.0325,355.6,0,0,"2016-07-23 12:27:56"
0.42,0,0,238.08,50.1052,355.7,0,0,"2016-07-23 12:28:00"
0.42,0,0,238.3,50.0675,355.6,0,0,"2016-07-23 12:28:04"
0.41,0,0,238.42,50.0726,357.9,0,0,"2016-07-23 12:28:08"
0.42,0,0,238.13,49.9325,355.4,0,0,"2016-07-23 12:28:12"
0.42,0,0,238.24,50.1278,358.3,0,0,"2016-07-23 12:28:16"
0.42,0,0,238.08,50.035,357.6,0,0,"2016-07-23 12:28:20"
0.42,0,0,238.21,49.9725,357.1,0,0,"2016-07-23 12:28:24"
0.42,0,0,238.37,49.9325,355.4,0,0,"2016-07-23 12:28:28"
0.42,0,0,238.53,50.0776,356.8,0,0,"2016-07-23 12:28:32"
0.41,0,0,238.59,50.2285,355.5,0,0,"2016-07-23 12:28:36"
0,0,0,238.66,50.0024,0,0,0,"2016-07-23 12:28:40"
0.42,0,0,238.76,49.9925,357.7,0,0,"2016-07-23 12:28:44"
0.42,0,0,238.55,50.1554,357.3,0,0,"2016-07-23 12:28:48"
0.42,0,0,238.77,50.055,357.2,0,0,"2016-07-23 12:28:52"
0.42,0,0,238.52,50.0275,0.143,0,0,"2016-07-23 12:28:56"
0.42,0,0,238.51,49.96,353,0,0,"2016-07-23 12:29:00"
0.42,0,0,238.53,49.9925,355.1,0,0,"2016-07-23 12:29:04"
0.42,0,0,238.64,50.1127,355.1,0,0,"2016-07-23 12:29:08"
0.41,0,0,238.57,49.96,357.9,0,0,"2016-07-23 12:29:12"
0.42,0,0,238.73,50.025,355.8,0,0,"2016-07-23 12:29:16"
0.42,0,0,238.8,50.3423,338.9,0,0,"2016-07-23 12:29:20"
0.42,0,0,238.76,49.98,356.5,0,0,"2016-07-23 12:29:24"
0.42,0,0,238.63,50.2891,359.6,0,0,"2016-07-23 12:29:28"
0.42,0,0,238.69,50.2008,358.2,0,0,"2016-07-23 12:29:32"
0.42,0,0,238.92,50.0375,355.3,0,0,"2016-07-23 12:29:36"
0.42,0,0,238.91,50.0951,356.6,0,0,"2016-07-23 12:29:40"
0.42,0,0,238.73,50.1882,356,0,0,"2016-07-23 12:29:44"
0.42,0,0,238.85,50.1982,355.9,0,0,"2016-07-23 12:29:48"
0.42,0,0,238.4,50.0726,354.5,0,0,"2016-07-23 12:29:52"
0.42,0,0,238.67,49.955,356.3,0,0,"2016-07-23 12:29:56"
0,0,0,239.72,50.4184,0,0,0,"2016-07-23 12:30:00"
0.42,0,0,238.77,49.8454,356.8,0,0,"2016-07-23 12:30:04"
0.41,0,0,238.77,49.8579,356.2,0,0,"2016-07-23 12:30:08"
0.42,0,0,238.79,49.9949,354.7,0,0,"2016-07-23 12:30:12"
0.41,0,0,238.57,49.9975,354.3,0,0,"2016-07-23 12:30:16"
0.41,0,0,238.68,49.9825,354.5,0,0,"2016-07-23 12:30:20"
0.42,0,0,238.64,49.9076,356.7,0,0,"2016-07-23 12:30:24"
0.42,0,0,238.44,50.4261,357.5,0,0,"2016-07-23 12:30:28"
0.42,0,0,238.52,50.1102,358.5,0,0,"2016-07-23 12:30:32"
0,0,0,0,0,0,0,0,"2016-07-23 12:35:15"
0,0,0,0,0,14.74,0,0,"2016-07-23 12:35:15"
0.43,0,0,239.91,50.02,357.8,0,0,"2016-07-23 12:35:19"
0.42,0,0,240.2,49.9002,359.7,0,0,"2016-07-23 12:35:23"
0.42,0,0,240.41,50.2563,354.1,0,0,"2016-07-23 12:35:27"
0.42,0,0,240.56,49.9151,355.2,0,0,"2016-07-23 12:35:31"
0.42,0,0,240.7,49.9101,358.2,0,0,"2016-07-23 12:35:35"
0.43,0,0,240.68,49.95,356,0,0,"2016-07-23 12:35:39"
0.42,0.35,0,240.42,49.9825,355.4,0,0,"2016-07-23 12:35:43"
0.42,0.35,0,240.54,49.9176,355.8,227.2,0,"2016-07-23 12:35:47"
0.43,0,0,240.55,50.1253,358.2,0,0,"2016-07-23 12:35:51"
0.44,0.34,0,240.54,49.8852,356.1,213.5,0,"2016-07-23 12:35:55"
0.42,0.35,0,240.49,49.9251,355.5,230.5,0,"2016-07-23 12:35:59"
0.42,0.36,0,240.66,49.8802,357.9,231.3,0,"2016-07-23 12:36:03"
0.93,0,0,242.22,49.9076,356.2,0,0,"2016-07-23 12:36:07"
0.43,0,0,240.5,49.965,355,0,0,"2016-07-23 12:36:11"
0.43,0,0,240,49.945,355.9,0,0,"2016-07-23 12:36:15"
0.9,1.11,0,241.2,49.9002,359.3,230.4,0,"2016-07-23 12:36:19"
0.44,0.36,0,239.87,49.96,359.4,229.1,0,"2016-07-23 12:36:23"
0.43,0.33,0,237.42,49.975,356.9,230.2,0,"2016-07-23 12:36:27"
0.41,0.34,0,239.58,50,356.2,0,0,"2016-07-23 12:36:31"
0.42,0.34,0,239.41,49.8952,354.1,0,0,"2016-07-23 12:36:35"
0.42,0.33,0,239.46,50.173,355.5,0,0,"2016-07-23 12:36:39"
0.42,0.34,0,239.31,49.9176,358.1,0,0,"2016-07-23 12:36:43"
0.42,0.34,0,239.19,50.0901,356.3,0,0,"2016-07-23 12:36:47"
0.42,0.32,0,239.1,49.9101,356.3,228.5,0,"2016-07-23 12:36:51"
0.41,0.33,0,238.88,50.2008,355.7,0,0,"2016-07-23 12:36:55"
0.41,0.36,0,239,49.94,355,226.2,0,"2016-07-23 12:36:59"
0.41,0.35,0,239.1,50.0275,356.1,228.2,0,"2016-07-23 12:37:03"
0.41,0.35,0,238.88,50.1655,356,231.2,0,"2016-07-23 12:37:07"
0.42,0.34,0,236.1,49.9625,358.3,0,0,"2016-07-23 12:37:11"
0.42,0.35,0,239.02,50.025,358,0,0,"2016-07-23 12:37:15"
0.42,0.35,0,239.03,50.03,357.6,233,0,"2016-07-23 12:37:19"
0.42,0.35,0,238.87,49.9375,355.8,0,0,"2016-07-23 12:37:23"
0.42,0.36,0,238.88,50.0726,356.1,228.8,0,"2016-07-23 12:37:27"
0.42,0.35,0,238.52,50.005,357.5,232.1,0,"2016-07-23 12:37:31"
0.42,0,0,238.73,50.173,356.3,0,0,"2016-07-23 12:37:35"
0.42,0.35,0,238.76,49.9475,355.7,230.7,0,"2016-07-23 12:37:39"
0,0.35,0,239.53,50.1077,0,228,0,"2016-07-23 12:37:43"
0,0,0,239.34,49.955,0,0,0,"2016-07-23 12:37:47"
0,0.36,0,239.11,49.8653,0,228,0,"2016-07-23 12:37:51"
0,0.36,0,236.24,50.1202,0,0,0,"2016-07-23 12:37:55"
0,0.35,0,239.18,50.3043,0,0,0,"2016-07-23 12:37:59"
0.42,0.35,0,238.75,49.93,356,231.8,0,"2016-07-23 12:38:03"
0.42,0.36,0,238.83,49.9076,357.3,228.8,0,"2016-07-23 12:38:07"
0.41,0.35,0,238.86,49.9076,356.5,228.3,0,"2016-07-23 12:38:11"
0.42,0,0,238.83,50.1605,355.8,0,0,"2016-07-23 12:38:15"
0.42,0,0,239.01,50.1378,356.8,0,0,"2016-07-23 12:38:19"
0.42,0.35,0,238.9,49.955,355.1,0,0,"2016-07-23 12:38:23"
0.42,0.36,0,237.89,49.9725,356.3,228.9,0,"2016-07-23 12:38:27"
0.42,0.36,0,238.91,49.95,355,230.6,0,"2016-07-23 12:38:31"
0.42,0.36,0,238.82,50.2033,357.7,226.1,0,"2016-07-23 12:38:35"
0.42,0.36,0,238.83,49.8827,354.6,228.9,0,"2016-07-23 12:38:39"
0.43,0.35,0,238.87,50.025,357.7,225.5,0,"2016-07-23 12:38:43"
0.42,0,0,238.69,50.1831,357.4,0,0,"2016-07-23 12:38:47"
0.42,0.35,0,236.2,50.1781,355.7,228.9,0,"2016-07-23 12:38:51"
0.42,0.35,0,239.04,49.965,355.1,231.4,0,"2016-07-23 12:38:55"
0.43,0.35,0,239.06,49.96,352.9,228.9,0,"2016-07-23 12:38:59"
0.42,0,0,239,50.1052,356.4,0,0,"2016-07-23 12:39:03"
0.41,0.35,0,239.16,49.8827,1.187,0,0,"2016-07-23 12:39:07"
0.42,0.35,0,239.05,49.9825,355.3,227.6,0,"2016-07-23 12:39:11"
0.42,0,0,239.06,50.0075,356.6,0,0,"2016-07-23 12:39:15"
0.43,0.35,0,239.09,49.9525,357.1,233.5,0,"2016-07-23 12:39:19"
0.41,0.36,0,239.09,49.9975,358.3,231.9,0,"2016-07-23 12:39:23"
0.43,0,0,239.1,49.8827,357.7,0,0,"2016-07-23 12:39:27"
0.43,0.34,0,239.07,49.9251,357.3,0,0,"2016-07-23 12:39:31"
0.42,0.36,0,239,49.9825,358.5,234.2,0,"2016-07-23 12:39:35"
0.43,0.35,0,237.48,49.9425,356.3,232.7,0,"2016-07-23 12:39:39"
0.42,0.36,0,239.1,50.1705,354.2,229.5,0,"2016-07-23 12:39:43"
0.42,0.35,0,238.96,49.8504,355.1,0,0,"2016-07-23 12:39:47"
0.43,0.36,0,238.83,49.945,359.3,235.4,0,"2016-07-23 12:39:51"
0.43,0.36,0,238.71,50.025,357.7,0,0,"2016-07-23 12:39:55"
0.41,0.35,0,238.86,49.9825,356.6,231.7,0,"2016-07-23 12:39:59"
0.42,0,0,238.99,49.9325,356.5,0,0,"2016-07-23 12:40:03"
0.43,0.34,0,238.84,49.9201,359.2,228.5,0,"2016-07-23 12:40:07"
0.42,0.35,0,238.61,50.07,357.1,229.5,0,"2016-07-23 12:40:11"
0.43,0,0,239.25,50.0625,356.9,0,0,"2016-07-23 12:40:15"
0.42,0,0,239.15,50.0175,354.6,0,0,"2016-07-23 12:40:19"
0.43,0.34,0,239.25,49.8977,356.3,233.2,0,"2016-07-23 12:40:23"
0.41,0.35,0,239.02,49.985,355.5,226.1,0,"2016-07-23 12:40:27"
0.42,0.35,0,238.85,49.97,358.3,226.8,0,"2016-07-23 12:40:31"
0.42,0.36,0,238.71,49.9226,357.4,0,0,"2016-07-23 12:40:35"
0.43,0.36,0,238.81,49.833,358.6,0,0,"2016-07-23 12:40:39"
0.43,0.35,0,238.88,49.935,358.1,0,0,"2016-07-23 12:40:43"
0.41,0.36,0,238.68,49.8628,357,232.4,0,"2016-07-23 12:40:47"
0.43,0.34,0,238.9,50.0826,13.68,0,0,"2016-07-23 12:40:51"
0.43,0.35,0,238.92,49.8877,359.1,232.5,0,"2016-07-23 12:40:55"
0.42,0.35,0,238.87,49.9475,355.5,238.2,0,"2016-07-23 12:40:59"
0.43,0.35,0,238.91,49.8305,356.6,0,0,"2016-07-23 12:41:03"
0.43,0.34,0,238.3,50.1127,355.3,229.2,0,"2016-07-23 12:41:07"
0.43,0,0,238.84,50.2992,357.8,0,0,"2016-07-23 12:41:11"
0.44,0,0,238.8,49.8827,356.1,0,0,"2016-07-23 12:41:15"
0.43,0.35,0,238.55,49.8703,357.9,229.8,0,"2016-07-23 12:41:19"
0.42,0.35,0,238.8,50.1102,356.9,0,0,"2016-07-23 12:41:23"
0.43,0.36,0,238.74,50,356,230.2,0,"2016-07-23 12:41:27"
0.43,0.36,0,238.62,50.0976,355.9,231.7,0,"2016-07-23 12:41:31"
0.43,0.35,0,238.61,49.9126,357.2,229.5,0,"2016-07-23 12:41:35"
0.45,0.35,0,238.81,49.9151,339.8,228.6,0,"2016-07-23 12:41:39"
0.42,0.35,0,238.7,49.8927,357.1,0,0,"2016-07-23 12:41:43"
0.43,0.35,0,238.71,49.9575,357.2,0,0,"2016-07-23 12:41:47"
0.42,0.34,0,238.85,50.1554,357.7,0,0,"2016-07-23 12:41:51"
0.42,0,0,238.93,49.97,356.4,0,0,"2016-07-23 12:41:55"
0.42,0.34,0,238.94,49.9575,356.4,0,0,"2016-07-23 12:41:59"
0.42,0.36,0,238.87,49.8579,356,231.3,0,"2016-07-23 12:42:03"
0.42,0.34,0,238.19,49.9325,355.5,228.1,0,"2016-07-23 12:42:07"
0.42,0.35,0,238.83,49.9076,357.1,228.7,0,"2016-07-23 12:42:11"
0.42,0,0,238.91,49.9276,357,0,0,"2016-07-23 12:42:15"
0.42,0.35,0,238.92,49.9575,358.2,231.3,0,"2016-07-23 12:42:19"
0.41,0.35,0,238.87,50.035,357.9,228.3,0,"2016-07-23 12:42:23"
0.42,0.36,0,238.84,50.1328,358.3,231.3,0,"2016-07-23 12:42:27"
0.42,0,0,239.03,49.9575,357.1,0,0,"2016-07-23 12:42:31"
0.42,0,0,239.07,49.9226,356.3,0,0,"2016-07-23 12:42:35"
0.42,0,0,238.77,49.9525,355.1,0,0,"2016-07-23 12:42:39"
0.42,0.36,0,238.83,49.8057,357,234.4,0,"2016-07-23 12:42:43"
0.42,0.35,0,237.19,50.1655,355.7,231.3,0,"2016-07-23 12:42:47"
0.41,0.35,0,238.76,49.99,356.7,232.2,0,"2016-07-23 12:42:51"
0.41,0.35,0,238.7,49.9176,355.8,229.5,0,"2016-07-23 12:42:55"
0.42,0.35,0,238.9,50.045,355.3,0,0,"2016-07-23 12:42:59"
0.42,0.35,0,238.93,49.9625,355.3,232.8,0,"2016-07-23 12:43:03"
0.42,0.35,0,238.88,50.1705,356.2,0,0,"2016-07-23 12:43:07"
0,0.35,0,239.04,50,0,230.1,0,"2016-07-23 12:43:11"
0,0.35,0,239.51,50.035,0,0,0,"2016-07-23 12:43:15"
0,0.36,0,239.55,49.9026,0,0,0,"2016-07-23 12:43:19"
0.42,0.35,0,238.98,50.1479,357.4,230.7,0,"2016-07-23 12:43:23"
0.42,0.37,0,238.92,49.9475,354.4,231.8,0,"2016-07-23 12:43:27"
0.43,0,0,238.99,50.1705,356.4,0,0,"2016-07-23 12:43:31"
0.43,0.36,0,239.14,49.9276,354.8,231.8,0,"2016-07-23 12:43:35"
0.43,0.35,0,238.98,50.0876,356.7,229.9,0,"2016-07-23 12:43:39"
0.43,0.35,0,239.05,49.8156,357.3,231.4,0,"2016-07-23 12:43:43"
0.42,0.36,0,239.19,50.1052,357.1,0,0,"2016-07-23 12:43:47"
0.44,0.35,0,239.1,50.1403,356.2,230,0,"2016-07-23 12:43:51"
0.43,0.36,0,239.07,49.975,357.2,229.3,0,"2016-07-23 12:43:55"
0.44,0.33,0,239.13,50.1504,356.7,227.4,0,"2016-07-23 12:43:59"
